crop_type,region,disease_severity,fertilizer_used,soil_ph,nitrogen,phosphorus,potassium,temperature,humidity,rainfall,npk_ratio,heat_humidity_index,disease_label
0.6520347281449074,0.8542261882667355,0.7740529578991624,-1.5039630187955961,-0.9640398041426589,0.11458093604471364,-1.4656488561284482,-1.0561386025067183,1.6022198383954114,1.2563516778919401,2.257855177906434,2.5717278782844883,2.2547327474719276,5
-0.639465383987897,-0.2268730061216503,0.7740529578991624,-1.5039630187955961,-1.2221942992598387,-1.3227391119197094,-0.9528764443759564,-0.8702649921739423,1.4713787382552317,-1.3952934590508306,-0.4688983739972718,-0.3947450314554413,0.21453613658467222,5
0.6520347281449074,0.8542261882667355,0.7740529578991624,-1.5039630187955961,-1.0673016021895305,0.03244836187531804,-0.5866104359813196,-0.17323895342603166,0.39557413710264044,0.9119821795876842,1.2307198669547894,0.36619998678137233,0.8423280696730071,13
1.0825347655225088,-1.307972200510036,0.7740529578991624,-1.5039630187955961,0.1890502740474146,-0.2550156477175666,1.8307452194232843,0.1520398646563266,0.03212663671325162,1.0411207414517802,-0.12393594880973835,-1.12436296394811,0.559461985688015,7
-1.5004654587431,0.8542261882667355,-0.33928305503716566,0.6649099662043687,-0.6542544100020411,-0.17288307354817095,0.2924279841658092,-1.1490754076731065,0.4973394372116692,-1.7827091446431187,-0.8836284806834077,0.5623761670133689,-0.6180748222484793,8
0.22153469076730595,-1.307972200510036,0.7740529578991624,0.6649099662043687,-2.5818079735436568,1.9214975677714168,2.4259274830645694,1.9643075654008941,-0.3022450636449862,0.12854157094550236,0.5640509104125897,-0.5875536138038185,-0.1894518601766809,4
-0.2089653466102955,0.8542261882667355,0.7740529578991624,-1.5039630187955961,1.3249300525630097,-0.5424796573104511,0.2924279841658092,-1.613759433505047,-1.6251939650623612,0.3609909823008754,-1.0502957198189575,0.6390487981013453,-1.2459030900939092,3
-1.0699654213654983,-1.307972200510036,-1.4526190679734936,0.6649099662043687,0.3611532707922026,0.8948403906539718,0.7319471942393735,0.5237870853218789,0.10481613679112939,-0.8959576865096597,-0.28091323218159336,-0.02708599516030749,-0.3790647900772173,15
-1.0699654213654983,-1.307972200510036,0.7740529578991624,0.6649099662043687,-0.8263574067468291,0.8537741035692741,-0.29359762926560995,0.012634656906744493,-0.7093062640811012,1.1186038785702384,0.06986316646415687,0.8730453514987333,-0.13478621812717215,15
1.5130348029001102,-1.307972200510036,0.7740529578991624,0.6649099662043687,0.4644150688390742,1.1412381131621587,-0.5133572343023921,0.3379134749891028,-0.25863136359825944,0.5590034438258223,0.3780037597496504,0.976922326137761,0.04910398753089374,11
-0.639465383987897,-0.2268730061216503,0.7740529578991624,-1.5039630187955961,-0.03468362172080847,0.03244836187531804,-1.9051680662020125,-1.2420122128394946,-0.18594186352038167,0.003707627810209318,-1.4204520299920975,3.6117534399516695,-0.1508552644524599,11
-0.639465383987897,-1.307972200510036,0.7740529578991624,-1.5039630187955961,-1.6524517911218064,-2.3493962890371543,-0.1470912259077552,-1.3814174205890766,1.500454538286382,-2.0065493185408854,0.04466928147855055,-1.8347804245330772,-0.20972665463572063,5
-1.0699654213654983,-1.307972200510036,-1.4526190679734936,-1.5039630187955961,-1.0156707031660939,0.03244836187531804,0.4389343875236639,0.5237870853218789,-0.1423281634736549,0.003707627810209318,1.6338220267244912,-0.6335121901786365,-0.11474759958925036,1
-1.5004654587431,0.8542261882667355,-0.33928305503716566,0.6649099662043687,0.9290931600500002,-0.37821450897166,-1.1726360494127386,-1.0096701999235245,0.9334764376789357,0.16297852077592723,-0.6491315512019943,1.35082830589258,0.8780814706545391,8
1.5130348029001102,0.8542261882667355,-0.33928305503716566,0.6649099662043687,1.3765609515864463,0.07351464896001585,-0.1470912259077552,0.19850826723952064,-1.2617464646729724,-0.9906592985433296,-0.17238572762821217,-0.14320123435270576,-1.3625558277475784,10
1.0825347655225088,0.8542261882667355,-1.4526190679734936,0.6649099662043687,-0.5854132113041262,-0.008617925209379757,-0.5866104359813196,0.24497666982271468,0.5264152372428207,0.8861544672148653,-0.7770389672827653,-0.045259518750830355,0.9528584007561599,17
-0.639465383987897,-0.2268730061216503,-1.4526190679734936,0.6649099662043687,0.13741937502397955,-1.0763413894115226,-1.3923956544495208,-0.6843913818411661,0.9770901377256626,-1.6793982951518416,-0.6898293654095125,0.056597568457110795,-0.2783630107882765,0
-1.5004654587431,0.8542261882667355,-1.4526190679734936,0.6649099662043687,0.5676768668859473,0.03244836187531804,-1.245889251091666,-1.0096701999235245,1.0061659377568135,-1.7568814322702997,0.38381773320786694,2.0634800924923815,-0.3119181589655587,17
-1.0699654213654983,-1.307972200510036,-1.4526190679734936,0.6649099662043687,1.118406456469265,-0.8299436669033358,-0.22034442758668257,-0.7773281870075541,-0.0841765634113529,1.0066837916213554,1.0485486985973278,-0.28351471143841034,0.42865686014582255,1
1.5130348029001102,-1.307972200510036,0.7740529578991624,0.6649099662043687,0.20626057372189446,-0.37821450897166,0.7319471942393735,0.8955343059874312,-1.8868761653427213,0.4384741194193323,-0.4979682412883561,-1.2401305151563122,-1.458134406286117,5
-1.0699654213654983,0.8542261882667355,0.7740529578991624,-1.5039630187955961,-0.4993617129317329,0.648442668145785,1.2447196059918653,0.059103059489938534,-0.4476240638007417,-0.3880126765108816,0.4574613970119473,-0.1412988022737775,-0.5402639399294226,5
-1.5004654587431,0.8542261882667355,0.7740529578991624,-1.5039630187955961,2.2887068343338184,-0.09075049937877536,0.5121875892025913,0.059103059489938534,1.0061659377568135,-0.4827142885445522,-0.3661848429021074,-0.48991258786752867,0.5189123967699355,5
0.6520347281449074,0.8542261882667355,-1.4526190679734936,0.6649099662043687,-0.9984604034916156,1.059105538992763,-0.6598636376602469,0.059103059489938534,0.6717942373985762,1.1788685407734834,2.294677009808474,1.2844235117453895,1.26849843564089,0
-1.5004654587431,0.8542261882667355,-1.4526190679734936,0.6649099662043687,2.030552339216637,-1.2816728248350115,0.2924279841658092,-0.3126441611756138,1.8202883386290447,-1.1628440476954576,0.6338185919111918,-1.332983476022178,0.6115841947408698,17
0.6520347281449074,0.8542261882667355,0.7740529578991624,0.6649099662043687,0.22347087339637278,-0.8710099539880336,-1.0993828477338112,-0.9167333947571363,0.04666453672882738,0.9722468417909292,1.732659575514178,0.4116747886680347,0.5383696591943365,5
1.5130348029001102,0.8542261882667355,-0.33928305503716566,0.6649099662043687,0.7397798636307338,0.15564722312941145,0.8784535975972283,-0.40558096634200186,-0.9273747643147345,-1.1456255727802451,-0.7789769584355042,-0.09888321433221796,-1.191546293479709,10
1.5130348029001102,0.8542261882667355,-1.4526190679734936,0.6649099662043687,0.9118828603755202,-0.46034708314105555,0.8052003959183008,0.012634656906744493,-0.37493456372286393,-0.8012560744759892,-0.2828512233343325,-0.9063237066911572,-0.6708328895504974,14
-0.2089653466102955,0.8542261882667355,0.7740529578991624,0.6649099662043687,0.825831362003127,-0.7478110927339402,0.07266837912902699,-0.6843913818411661,-1.8868761653427213,0.6020496311138543,-1.556111410683824,-0.42447479440930247,-1.4201645851217861,3
-1.5004654587431,0.8542261882667355,-1.4526190679734936,0.6649099662043687,-0.44773081390829633,-0.008617925209379757,-0.6598636376602469,-0.03383374567644955,1.1951586379592964,-1.0681424356617877,-0.4514564536226214,0.23352608024605925,0.2642420842907058,17
-1.0699654213654983,-1.307972200510036,0.7740529578991624,0.6649099662043687,0.774200462979692,-0.17288307354817095,1.3179728076707926,0.19850826723952064,-0.3894724637384392,1.0325115039941744,0.5039731846776823,-0.9278930188460451,0.14306566937870197,9
1.5130348029001102,0.8542261882667355,0.7740529578991624,0.6649099662043687,1.737977244750499,1.8804312806867192,1.3179728076707926,0.663192293071461,-0.18594186352038167,0.17158775823353437,-0.33323899330554513,0.4116747886680347,-0.07043736331183259,11
1.0825347655225088,-1.307972200510036,-1.4526190679734936,-1.5039630187955961,-0.8091471070723507,0.9769729648233675,-0.07383802422882779,0.4773186827386849,-0.15686606348923066,0.4815203067073643,-1.0037839321532227,0.4489170833165941,0.10411480977280436,17
-0.2089653466102955,-1.307972200510036,0.7740529578991624,0.6649099662043687,-0.1895763187911166,-1.2406065377503137,-0.9528764443759564,-0.544986174091584,-1.1745190645795192,-1.0595331982041811,-0.2906031879452881,-0.5893254235932487,-1.3260393968670499,5
1.0825347655225088,0.8542261882667355,0.7740529578991624,0.6649099662043687,-0.6542544100020411,0.03244836187531804,1.8307452194232843,0.663192293071461,0.42464993713379146,0.7570159053507693,-1.0638616578881301,-1.1269931655793022,0.7822667161948835,7
-0.2089653466102955,-1.307972200510036,0.7740529578991624,-1.5039630187955961,0.2578914727453295,0.19671351021410924,-0.0005848225499004049,-1.0561386025067183,-1.8141866652648435,-0.5343697132901907,-0.8584345956978013,1.1316924852068528,-1.6294527859892942,16
-0.639465383987897,-0.2268730061216503,0.7740529578991624,0.6649099662043687,0.3955738701411593,-1.0763413894115226,-1.9051680662020125,-0.591454576674778,-0.25863136359825944,-1.8860199941343956,-0.587115834314348,0.34814381544402156,-1.0963128951335739,3
-0.639465383987897,-0.2268730061216503,0.7740529578991624,0.6649099662043687,-0.4993617129317329,-1.1174076764962204,-1.0261296460548839,-0.591454576674778,1.514992438301958,-0.9906592985433296,-0.751845082297159,-0.3443437926977243,0.5355173807623751,3
1.5130348029001102,0.8542261882667355,-0.33928305503716566,0.6649099662043687,-0.8263574067468291,-0.46034708314105555,0.8784535975972283,0.012634656906744493,0.10481613679112939,0.4384741194193323,-0.09486608151865407,-0.9315515023539618,0.31647329761484483,10
1.0825347655225088,-1.307972200510036,0.7740529578991624,0.6649099662043687,-0.03468362172080847,-0.5424796573104511,0.7319471942393735,1.0814079163202073,0.2792709369780359,-0.41384038888370117,-1.3332424281188446,-1.4397992881460686,0.006083635130349616,9
1.5130348029001102,-1.307972200510036,0.7740529578991624,-1.5039630187955961,1.4970330493077977,0.648442668145785,0.14592158080795437,-0.49851777150838994,-1.1163674645172168,0.4901295441649714,-0.5173481528157456,0.8965846659288713,-0.7538396421341463,11
0.6520347281449074,0.8542261882667355,-1.4526190679734936,-1.5039630187955961,0.774200462979692,0.07351464896001585,-0.5133572343023921,-0.3591125637588078,0.01758873669767638,1.6265488885690151,1.9981643634394144,0.5525478162517161,0.8429639279221703,0
0.6520347281449074,0.8542261882667355,0.7740529578991624,-1.5039630187955961,-0.378889615210383,0.07351464896001585,-1.1726360494127386,-0.12677055084283761,1.3114618380839003,1.8417798250091753,1.4342089379923795,0.7553195983797434,2.368823884750395,1
-0.639465383987897,-0.2268730061216503,-1.4526190679734936,0.6649099662043687,0.17183997437293624,-2.472595150291248,-1.3923956544495208,-0.45204936892519587,1.064317537819116,0.003707627810209318,-1.2363428704818968,-2.080694160889412,0.8842311282928771,0
1.0825347655225088,0.8542261882667355,-1.4526190679734936,0.6649099662043687,-0.46494111358277623,-0.17288307354817095,1.9772516227811392,0.24497666982271468,-0.40401036375401495,0.7397974304355562,-0.8196747726430224,-1.142320239833011,-0.0020916852160370912,17
1.0825347655225088,0.8542261882667355,0.7740529578991624,0.6649099662043687,0.17183997437293624,0.8948403906539718,-0.6598636376602469,0.2914450724059087,-0.46216196381631697,-0.7582098871879572,-0.2944791702507661,0.8686090960869002,-0.7139622462223254,9
1.5130348029001102,-1.307972200510036,-1.4526190679734936,0.6649099662043687,-0.5337823122806912,1.6340335581785324,0.6586939925604461,0.10557146207313257,-0.7093062640811012,-0.0005969909185936375,-0.5541699847177858,0.9608408284010318,-0.5858822274622618,14
0.6520347281449074,0.8542261882667355,-1.4526190679734936,0.6649099662043687,-1.5147693937259765,-1.0763413894115226,-1.3191424527705935,-0.9632017973403303,0.5264152372428207,0.8431082799268333,2.2849870540447794,0.34814381544402156,0.9277874183605727,1
1.5130348029001102,-1.307972200510036,-1.4526190679734936,-1.5039630187955961,1.3937712512609246,0.9769729648233675,0.5121875892025913,0.5237870853218789,-1.4216633648443036,0.4901295441649714,-0.78672892304646,0.13518799319712882,-1.0281488908232537,14
0.22153469076730595,-1.307972200510036,-0.33928305503716566,0.6649099662043687,-1.927816585913466,1.3465695485856477,2.4259274830645694,2.2895863834832526,-1.3489738647664258,1.3854902397560362,0.4942832289139875,-1.030264154169122,-0.685094281710306,12
-0.2089653466102955,0.8542261882667355,-1.4526190679734936,-1.5039630187955961,1.3937712512609246,-0.6656785185645445,0.21917478248688177,-1.2884806154226887,-0.18594186352038167,0.003707627810209318,-1.073551613651825,0.14825368017822302,-0.1508552644524599,1
0.6520347281449074,0.8542261882667355,0.7740529578991624,0.6649099662043687,0.34394297111772426,0.36097865855290046,-1.4656488561284482,-1.0561386025067183,0.482801537196094,1.4027087146712494,0.8838194506145168,2.9767378325875735,1.2087459275980743,5
-0.2089653466102955,0.8542261882667355,0.7740529578991624,-1.5039630187955961,1.0839858571203083,0.19671351021410924,-0.5866104359813196,-1.2884806154226887,-0.12779026345807915,-0.4999327634597652,-0.5890538254670868,2.054532068094633,-0.3482165813035168,16
-1.0699654213654983,-1.307972200510036,-1.4526190679734936,0.6649099662043687,-0.378889615210383,0.648442668145785,1.171466404312938,-0.544986174091584,-0.491237763847468,-0.03503394074901973,-0.4282005597897539,0.33383503769086503,-0.4204500784084833,15
-1.5004654587431,0.8542261882667355,-1.4526190679734936,0.6649099662043687,-0.4821514132572546,0.27884608438350483,-0.1470912259077552,-0.45204936892519587,1.4132271381929296,-1.2058902349834897,-0.9863420117785721,0.6390487981013453,0.31289432404098266,17
-0.2089653466102955,0.8542261882667355,0.7740529578991624,-1.5039630187955961,0.5848871665604256,-0.6246122314798468,0.5854407908815187,-0.8702649921739423,-1.7705729652181166,0.6967512431475242,-1.3913821627010132,-0.3983451199381355,-1.2901951589927796,5
1.0825347655225088,0.8542261882667355,0.7740529578991624,0.6649099662043687,-0.4821514132572546,0.03244836187531804,1.024960000955083,0.4773186827386849,0.6136426373362737,0.6192681060290673,-1.4127000653811417,-0.8085078726420233,0.877427445026829,9
1.5130348029001102,-1.307972200510036,-0.33928305503716566,0.6649099662043687,1.583084547680191,0.443111232722296,0.8784535975972283,0.9884711111538194,-1.4362012648598792,-1.2317179473563091,-0.9902179940840501,-0.6992096574204272,-1.55353131103918,10
-0.2089653466102955,0.8542261882667355,0.7740529578991624,0.6649099662043687,0.8086210623286487,-0.8710099539880336,0.2924279841658092,-0.3126441611756138,-1.8578003653115702,-0.05225241566423277,-0.7576590557553757,-0.9175886510959369,-1.5482082691247547,16
1.5130348029001102,0.8542261882667355,-0.33928305503716566,0.6649099662043687,1.0839858571203083,1.4287021227550432,1.2447196059918653,1.0814079163202073,-1.0872916644860657,-1.1886717600682772,0.04466928147855055,-0.14670628211717118,-1.312250356549477,10
1.0825347655225088,-1.307972200510036,0.7740529578991624,-1.5039630187955961,0.05136787665158477,1.2233706873315542,-0.7331168393391743,0.3843818775722968,0.6281805373518495,0.34377250738566234,-0.5561079758705246,1.1522644193936762,0.7262385207543112,7
-1.0699654213654983,0.8542261882667355,0.7740529578991624,-1.5039630187955961,-0.6370441103275627,1.1823044002468563,0.8784535975972283,0.1520398646563266,1.0933933378502672,1.0841669287398124,0.9942849463206369,0.4116747886680347,1.6265047972984519,9
0.6520347281449074,0.8542261882667355,0.7740529578991624,0.6649099662043687,0.2923120720942877,0.648442668145785,-1.1726360494127386,0.059103059489938534,1.0933933378502672,1.6007211761961961,0.8586255656289102,1.2099552783088978,1.9698682518467079,5
-0.639465383987897,-0.2268730061216503,0.7740529578991624,0.6649099662043687,0.602097466234904,-1.1995402506656159,-1.8319148645230852,-0.9632017973403303,0.36649833707148943,-0.5860251380358292,-0.8991324099053193,0.6241390269909648,-0.023274848602453303,3
0.6520347281449074,0.8542261882667355,-1.4526190679734936,0.6649099662043687,0.843041661677607,0.648442668145785,-0.9528764443759564,-1.0561386025067183,1.0061659377568135,0.6881420056899183,1.7384735489723946,2.72384429304621,1.2823783128512003,1
1.5130348029001102,0.8542261882667355,0.7740529578991624,0.6649099662043687,-0.4821514132572546,0.6895089552304828,1.0982132026340103,0.7561290982378491,-1.4507391648754546,-0.5085420009173717,-0.7033953034786852,-0.46486849407487413,-1.3493118087864315,11
-1.0699654213654983,-1.307972200510036,0.7740529578991624,0.6649099662043687,-0.5509926119551695,-0.17288307354817095,0.21917478248688177,0.19850826723952064,0.8898627376322096,-0.3363572517652437,0.0524212460895062,-0.5357169173040942,0.5237994215992204,5
-1.5004654587431,0.8542261882667355,-0.33928305503716566,0.6649099662043687,2.25428623498486,-0.8299436669033358,0.21917478248688177,0.19850826723952064,1.9511294387692244,0.2318524204367794,-0.6084337369944764,-1.1420476091262566,1.798477202629341,8
-0.2089653466102955,-1.307972200510036,0.7740529578991624,-1.5039630187955961,0.32673267144324436,-0.583545944395149,-1.4656488561284482,-1.3814174205890766,-1.1890569645950946,-1.0767516731193936,-0.5018442235938341,2.079084191178982,-1.3415725055251853,5
-0.2089653466102955,0.8542261882667355,0.7740529578991624,0.6649099662043687,0.20626057372189446,-0.2550156477175666,-0.6598636376602469,-0.3126441611756138,-1.72695926517139,-0.32774801430763717,-1.0386677729025238,0.22178001155889607,-1.5112921559161803,5
0.22153469076730595,-1.307972200510036,-0.33928305503716566,-1.5039630187955961,-0.602623510978606,1.264436974416252,1.5377324127075749,2.2431179809000583,-0.3894724637384392,-0.19000021498593467,-0.28091323218159336,-0.8647202188325969,-0.40642486216979273,12
-1.0699654213654983,-1.307972200510036,0.7740529578991624,-1.5039630187955961,0.9463034597244785,0.7305752423151807,-0.36685083094453735,-0.2197073560092257,0.0030508366821006185,0.6795327682323112,0.23265442329422897,1.0351952681449488,0.34788469512351833,5
1.0825347655225088,-1.307972200510036,0.7740529578991624,0.6649099662043687,-0.7058853090254776,0.31991237146820267,-0.0005848225499004049,1.0349395137370134,0.1920435368845829,0.4126464070465133,-1.3875061803955353,-0.5260226765918214,0.3804043027235916,7
1.5130348029001102,0.8542261882667355,-1.4526190679734936,0.6649099662043687,0.8602519613520853,1.469768409839741,1.3179728076707926,0.570255487905073,-1.2908222647041236,0.7139697180627373,0.5233530962050719,0.15940581469822968,-0.8392626560646176,14
0.22153469076730595,-0.2268730061216503,-0.33928305503716566,-1.5039630187955961,-0.6886750093509992,1.3465695485856477,0.8784535975972283,1.68549714990173,-1.3344359647508501,1.2907886277223664,-0.2537813560432482,-0.39660314164005783,-0.6997190214410648,12
0.6520347281449074,0.8542261882667355,0.7740529578991624,0.6649099662043687,0.22347087339637278,-0.37821450897166,-0.1470912259077552,-0.26617575859241976,1.4423029382240802,1.0152930290789612,1.7094036816813103,-0.2428867536399815,1.9208163297683851,13
-0.2089653466102955,-1.307972200510036,0.7740529578991624,0.6649099662043687,1.5486639483312328,-0.8710099539880336,0.2924279841658092,-0.544986174091584,-1.0291400644237638,0.003707627810209318,-0.28091323218159336,-0.7665359874863945,-0.848936785141176,16
-0.2089653466102955,-1.307972200510036,-1.4526190679734936,0.6649099662043687,0.5332562675369891,-1.1584739635809183,-0.29359762926560995,-1.1955438102563005,-0.5057756638630437,-0.18139097752832878,-1.2867306404531096,-0.26158851199163946,-0.4957175277308868,1
0.6520347281449074,0.8542261882667355,0.7740529578991624,0.6649099662043687,0.602097466234904,0.19671351021410924,-0.9528764443759564,-0.7773281870075541,0.744483737476454,1.0152930290789612,1.9477765934682016,1.589885564822464,1.2406296769489837,13
-0.2089653466102955,-1.307972200510036,0.7740529578991624,-1.5039630187955961,-0.1895763187911166,0.23777979729880705,0.2924279841658092,-0.49851777150838994,-0.37493456372286393,-0.8012560744759892,-0.8254887461012391,0.36847372687570557,-0.6708328895504974,5
1.0825347655225088,0.8542261882667355,0.7740529578991624,0.6649099662043687,-0.6542544100020411,-0.41928079605635776,1.3179728076707926,0.8955343059874312,0.29380883699361166,0.6967512431475242,-0.9243262948909255,-1.4183701900347945,0.6265722820425786,7
0.22153469076730595,-0.2268730061216503,-0.33928305503716566,0.6649099662043687,-2.5990182732181353,1.8804312806867192,1.171466404312938,1.3602183318193717,-1.1745190645795192,0.9464191294181103,-0.28091323218159336,0.04219202333890448,-0.6529925238168257,12
1.5130348029001102,-1.307972200510036,0.7740529578991624,-1.5039630187955961,-0.5165720126062112,1.7572324194326256,1.6842388160654296,-0.26617575859241976,-0.6075409639720725,-1.3952934590508306,-0.6995193211732073,0.8297495802067028,-1.0844314295634914,11
1.0825347655225088,-1.307972200510036,-1.4526190679734936,-1.5039630187955961,0.602097466234904,0.443111232722296,1.4644792110286473,1.3137499292361776,-0.5348514638941947,0.7742343802659823,-0.4766503386082277,-1.009779502563438,-0.1096425662173953,17
1.0825347655225088,-1.307972200510036,0.7740529578991624,0.6649099662043687,-0.5854132113041262,-0.04968421229407756,-0.36685083094453735,0.19850826723952064,0.3083467370091874,-0.7496006497303507,-1.073551613651825,-0.15890527274008506,-0.156532570248562,5
-1.5004654587431,0.8542261882667355,-1.4526190679734936,-1.5039630187955961,-0.5337823122806912,0.31991237146820267,-0.8063700410181017,-0.3126441611756138,1.689447238488865,-0.04364317820662564,-1.0929315251792144,0.9941610150814608,1.3662025974694891,17
0.6520347281449074,0.8542261882667355,0.7740529578991624,0.6649099662043687,-0.31004841651246806,0.48417751980699386,0.2924279841658092,-0.544986174091584,0.8753248376166338,1.5146288016201321,-0.28091323218159336,0.673499405591241,1.6842770610795872,13
1.0825347655225088,-1.307972200510036,0.7740529578991624,-1.5039630187955961,0.7053592642817771,0.11458093604471364,-0.0005848225499004049,1.7784339550681179,0.5554910372739718,0.051058433827044274,-0.38944073673497487,-1.0482231615554995,0.4907529600212689,9
0.22153469076730595,-0.2268730061216503,0.7740529578991624,0.6649099662043687,-0.39609991488486135,0.5663100939763894,2.4259274830645694,1.7784339550681179,-0.8982989642835836,0.47291106924975834,-0.463084400539055,-1.3133360295660172,-0.5643720512619905,5
-1.5004654587431,0.8542261882667355,0.7740529578991624,0.6649099662043687,1.118406456469265,-0.8710099539880336,-0.1470912259077552,-0.03383374567644955,1.9075157387224981,-1.4039026965084371,-0.5735498962451753,-0.9175886510959369,0.4803067173564408,2
1.0825347655225088,-1.307972200510036,0.7740529578991624,-1.5039630187955961,0.5676768668859473,-0.5424796573104511,1.0982132026340103,0.616723890488267,-0.3167829636605614,-0.9217853988824787,-0.2654093029596818,-1.3483684695379647,-0.6849307753033779,7
-1.0699654213654983,0.8542261882667355,0.7740529578991624,0.6649099662043687,0.6193077659093823,-0.9531425281574292,0.4389343875236639,-0.637922979257972,-0.33132086367613717,-0.7668191246455637,0.33924393669487135,-0.8538108597941302,-0.6240518897906159,9
1.5130348029001102,-1.307972200510036,0.7740529578991624,-1.5039630187955961,-0.7919368073978709,0.11458093604471364,1.5377324127075749,0.4308502801554908,-0.04056286336462614,-0.5085420009173717,-0.5657979316342194,-0.8812037029272148,-0.2866836701630441,5
-0.2089653466102955,0.8542261882667355,0.7740529578991624,0.6649099662043687,-0.24120721781455318,-1.1584739635809183,0.3656811858447365,-0.3126441611756138,-1.3780496647975768,0.2662893702672043,-0.49603025013561725,-1.2340799462778347,-1.0574528724204144,5
1.0825347655225088,-1.307972200510036,0.7740529578991624,0.6649099662043687,-0.5337823122806912,0.8127078164845762,1.0982132026340103,0.3379134749891028,0.6281805373518495,1.0669484538245992,-0.9611481267929658,-0.12415233433759726,1.1581134435861171,5
0.6520347281449074,0.8542261882667355,0.7740529578991624,0.6649099662043687,-0.00026302237185025536,0.23777979729880705,0.2924279841658092,-0.12677055084283761,0.29380883699361166,0.6364865809442792,0.9923469551678981,0.05166594039862556,0.5935076530860802,13
0.22153469076730595,-1.307972200510036,-1.4526190679734936,0.6649099662043687,-1.7729238888431578,1.0180392519080652,0.2924279841658092,1.3602183318193717,-0.8692231642524325,-0.05225241566423277,0.6706404238132321,-0.26719903949713647,-0.7377978468766808,6
-1.5004654587431,0.8542261882667355,0.7740529578991624,0.6649099662043687,1.6863463457270627,0.15564722312941145,-1.0261296460548839,-0.591454576674778,0.7590216374920292,0.22324318297917226,-0.28091323218159336,1.3296973517550272,0.7667517749152951,5
0.6520347281449074,0.8542261882667355,-1.4526190679734936,0.6649099662043687,-0.6542544100020411,-0.9531425281574292,-1.5389020578073755,-0.9632017973403303,1.1370070378969939,1.1616500658582702,0.7907958752830468,0.7439906486090273,1.721447517587827,0
0.22153469076730595,-1.307972200510036,0.7740529578991624,-1.5039630187955961,-0.946829504468179,1.67509984526323,2.4259274830645694,2.2895863834832526,-1.98864146545175,0.008012246539012273,0.036917316867594634,-0.8475233772551061,-1.6423697921365856,5
0.22153469076730595,-0.2268730061216503,-1.4526190679734936,-1.5039630187955961,-2.358074077775434,1.059105538992763,2.1970112278179212,2.2895863834832526,-1.407125464828728,-0.09529860295226476,-0.7169612415478577,-1.1444924909481202,-1.191746134643732,6
0.22153469076730595,-0.2268730061216503,-0.33928305503716566,0.6649099662043687,-2.2720225794030404,1.5929672710938345,2.270264429496849,2.1037127731504763,-1.1018295645016416,1.1444315909430574,0.35668585706952205,-0.7922892284952345,-0.5143390907421016,12
-1.0699654213654983,0.8542261882667355,0.7740529578991624,0.6649099662043687,1.1528270558182232,1.4287021227550432,0.4389343875236639,0.4773186827386849,-0.723844164096677,-0.4999327634597652,-0.28091323218159336,0.5872888609945761,-0.7981135436544698,9
-0.2089653466102955,-1.307972200510036,-1.4526190679734936,0.6649099662043687,-0.6198338106530844,-0.7478110927339402,0.4389343875236639,-0.49851777150838994,-0.5203135638786195,-0.4310588637989136,-0.912698347974492,-0.7318827293642053,-0.6148410288670197,1
-0.639465383987897,-0.2268730061216503,0.7740529578991624,-1.5039630187955961,0.8774622610265636,-1.610203121512594,-0.9528764443759564,-1.5672910309218528,0.5554910372739718,-0.7323821748151376,-0.6316896308273439,-0.020335829255255976,0.031154617525937175,0
-1.5004654587431,0.8542261882667355,-1.4526190679734936,0.6649099662043687,-0.7058853090254776,-0.583545944395149,0.21917478248688177,-0.6843913818411661,0.5845668373051227,-1.7654906697279056,-0.28091323218159336,-0.3159220415185601,-0.5583041468271162,17
-0.2089653466102955,0.8542261882667355,0.7740529578991624,0.6649099662043687,1.583084547680191,0.23777979729880705,-1.3191424527705935,-0.7773281870075541,-0.3894724637384392,0.4040371695889074,-1.565801366447519,2.031714605880375,-0.13941889965679166,16
0.6520347281449074,0.8542261882667355,0.7740529578991624,0.6649099662043687,-0.03468362172080847,-0.9531425281574292,0.21917478248688177,-0.08030214825964359,0.42464993713379146,2.186149323313431,2.294677009808474,-1.108362570691692,1.5935128378561427,5
-0.639465383987897,-0.2268730061216503,0.7740529578991624,-1.5039630187955961,-1.704082690145243,-1.404871686089105,-0.8796232426970291,-0.637922979257972,-0.43308616378516596,0.17158775823353437,-0.44951846246988225,-0.7616873834692982,-0.2810699501918578,3
1.5130348029001102,-1.307972200510036,-0.33928305503716566,0.6649099662043687,0.5504665672114675,1.8393649936020213,0.21917478248688177,-0.3126441611756138,-0.4476240638007417,-0.21582792735875364,-0.36424685174936855,1.8796720340384405,-0.4643242976007605,10
0.22153469076730595,-1.307972200510036,0.7740529578991624,-1.5039630187955961,-0.4993617129317329,0.7305752423151807,0.2924279841658092,2.2895863834832526,-1.0000642643926123,-0.45688657617173317,-1.0018459410004836,-0.9113577287220433,-0.9910692712077511,4
0.6520347281449074,0.8542261882667355,0.7740529578991624,-1.5039630187955961,-0.0863145207442435,0.5252438068916917,0.14592158080795437,-0.45204936892519587,0.7590216374920292,1.1788685407734834,2.294677009808474,0.7171368417451089,1.355592848397733,5
-0.2089653466102955,-1.307972200510036,0.7740529578991624,0.6649099662043687,1.18724765516718,-0.13181678646347317,0.07266837912902699,-1.4278858231722706,-0.24409346358268366,0.7225789555203432,-1.0095979056114395,1.1410433643826812,0.13928685464081617,5
-0.639465383987897,-0.2268730061216503,-1.4526190679734936,0.6649099662043687,-1.0845119018640088,-1.8566008440207808,-0.1470912259077552,-0.591454576674778,1.1370070378969939,-0.8270837868488081,-0.1685097453227342,-1.6544629492259646,0.3869082242436065,0
-1.5004654587431,0.8542261882667355,-0.33928305503716566,-1.5039630187955961,-0.03468362172080847,-0.21394936063286876,-0.36685083094453735,-0.45204936892519587,1.398689238177354,-2.1270786429473745,0.6221906449947583,0.2238440852231258,-0.349742641101509,8
-1.0699654213654983,0.8542261882667355,0.7740529578991624,0.6649099662043687,0.9635137593989569,0.48417751980699386,0.5121875892025913,0.3379134749891028,-0.43308616378516596,-0.7065544624423187,0.0950570514497632,-0.15957892098259774,-0.6702151986798813,5
1.5130348029001102,-1.307972200510036,-1.4526190679734936,0.6649099662043687,0.10299877567502133,0.31991237146820267,0.07266837912902699,1.1278763189034013,-1.5525044649844835,0.38681869467369434,-1.2072730031908125,-0.6028956019093906,-1.1747051335661518,14
-0.2089653466102955,-1.307972200510036,0.7740529578991624,-1.5039630187955961,-0.31004841651246806,-0.6246122314798468,-1.245889251091666,-0.3126441611756138,-0.752919964127828,0.2748986077248114,-1.0212258525278732,0.15142742847328133,-0.5126676919157288,5
-1.5004654587431,0.8542261882667355,0.7740529578991624,0.6649099662043687,0.997934358747915,-0.9120762410727313,0.07266837912902699,-0.45204936892519587,0.831711137569907,-1.8515830443039696,-0.08517612575495931,-0.7785585464267458,-0.47111889717753513,2
1.5130348029001102,-1.307972200510036,0.7740529578991624,0.6649099662043687,-0.43052051423381804,-0.04968421229407756,1.4644792110286473,-0.40558096634200186,-1.6542697650935123,-0.7065544624423187,-0.6568835158129502,-0.5402130135358262,-1.555329881515385,14
0.6520347281449074,0.8542261882667355,0.7740529578991624,-1.5039630187955961,0.17183997437293624,-0.5014133702257534,-1.4656488561284482,0.10557146207313257,1.4277650382085043,1.4457549019592812,2.294677009808474,0.02335063772575087,2.213674471954516,13
0.22153469076730595,-1.307972200510036,0.7740529578991624,-1.5039630187955961,-0.03468362172080847,0.8948403906539718,0.5854407908815187,2.2895863834832526,-1.7414971651869657,0.1888062331487474,-0.14719184264260582,-0.8790886429320415,-1.3918234745876443,4
0.22153469076730595,-0.2268730061216503,-1.4526190679734936,0.6649099662043687,-2.7001287838056975,0.9769729648233675,1.4644792110286473,2.2895863834832526,-1.3635117647820014,-0.43966810125652017,0.07567713992237368,-1.0365426236884512,-1.2623627350579685,6
1.5130348029001102,-1.307972200510036,0.7740529578991624,0.6649099662043687,1.2216682545161381,0.03244836187531804,-0.1470912259077552,0.4308502801554908,-0.491237763847468,-1.2489364222715216,-1.151071259761383,-0.34623857610966835,-0.9481397556999454,5
0.22153469076730595,-0.2268730061216503,0.7740529578991624,0.6649099662043687,-1.4975590940514982,0.07351464896001585,2.4259274830645694,2.2895863834832526,-2.017717265482901,1.0583392163669934,-0.08905210806043726,-1.738384664710934,-1.4426012976279814,4
0.22153469076730595,-0.2268730061216503,0.7740529578991624,0.6649099662043687,-0.13794541976768007,0.15564722312941145,2.1237580261389937,1.871370760234506,-0.9419126643303103,-0.2588741146467856,0.11249897182441389,-1.5274637804194635,-0.873689838412181,5
0.22153469076730595,-0.2268730061216503,-1.4526190679734936,0.6649099662043687,-0.03468362172080847,1.9214975677714168,-0.07383802422882779,2.2895863834832526,-2.032255165498477,0.8603267548420463,-0.5309140908849184,-0.006400002870633898,-1.4986476604471015,6
-1.0699654213654983,-1.307972200510036,0.7740529578991624,-1.5039630187955961,0.20626057372189446,0.9769729648233675,-0.44010403262346476,0.2914450724059087,1.151544937912569,0.4040371695889074,0.036917316867594634,0.8154230297178392,1.2259322677040345,5
-1.0699654213654983,-1.307972200510036,-1.4526190679734936,0.6649099662043687,-0.13794541976768007,0.03244836187531804,-0.44010403262346476,-0.544986174091584,1.0207038377723894,-0.5774159005782227,-0.30998309947267766,0.6543773830069617,0.46797106732267046,15
-1.5004654587431,0.8542261882667355,-0.33928305503716566,0.6649099662043687,0.8774622610265636,-0.7067448056492424,0.07266837912902699,-1.1026070050899124,0.802635337538756,0.003707627810209318,0.560174928107112,0.00023610493156731979,0.6675851391136206,8
-1.0699654213654983,0.8542261882667355,0.7740529578991624,-1.5039630187955961,-1.1705634002364036,0.03244836187531804,0.2924279841658092,-0.40558096634200186,-0.1132523634425039,0.9378098919605032,-0.2964171614035052,0.0728429314732966,0.3666334297845655,5
1.5130348029001102,0.8542261882667355,-1.4526190679734936,-1.5039630187955961,-0.7058853090254776,0.48417751980699386,1.9039984211022116,-0.17323895342603166,-0.21501766355153268,-1.2747641346443412,-0.6782014184930786,-0.39206589584041324,-0.781944576747171,14
-0.2089653466102955,0.8542261882667355,0.7740529578991624,0.6649099662043687,1.290509453214053,-1.1995402506656159,-1.3191424527705935,-1.0561386025067183,-1.1454432645483679,0.5934403936562472,-1.1278153659285155,0.2807624802064315,-0.7448649571316684,3
0.6520347281449074,0.8542261882667355,0.7740529578991624,0.6649099662043687,0.5160459678625108,0.8127078164845762,-0.5133572343023921,-0.26617575859241976,0.9625522377100872,2.3411155975503473,2.294677009808474,1.28488773978958,2.309307552628699,5
-1.5004654587431,0.8542261882667355,-0.33928305503716566,0.6649099662043687,-0.7403059083744359,-0.5014133702257534,-0.9528764443759564,0.059103059489938534,1.922053638738074,-1.7052260075246612,-1.0095979056114395,-0.22497243774523595,0.2528329705628591,8
-0.2089653466102955,-1.307972200510036,0.7740529578991624,0.6649099662043687,-0.46494111358277623,-0.5424796573104511,-1.0993828477338112,-0.8237965895907482,-1.5525044649844835,0.5245664939953962,-1.0968075074846924,0.7619536680652977,-1.136044952017015,5
0.22153469076730595,-0.2268730061216503,-0.33928305503716566,0.6649099662043687,-2.616228572892615,1.264436974416252,0.14592158080795437,1.5925603447353418,-1.1599811645639435,0.25768013280959834,-0.7712249938245485,-0.162325333048226,-0.8715097529864776,12
-0.2089653466102955,0.8542261882667355,-1.4526190679734936,0.6649099662043687,0.843041661677607,-0.17288307354817095,-0.8796232426970291,-0.7308597844243602,-0.7093062640811012,-1.1025793854922132,-0.28091323218159336,0.9585236721152381,-1.0300382981921963,1
0.22153469076730595,-1.307972200510036,-1.4526190679734936,0.6649099662043687,-0.03468362172080847,1.8393649936020213,2.1237580261389937,1.5925603447353418,-1.3489738647664258,-0.19000021498593467,-0.12974992226795515,-0.40152166859933613,-1.1738149320173232,6
-0.639465383987897,-0.2268730061216503,-1.4526190679734936,-1.5039630187955961,1.2388785541906164,-1.815534556936083,-0.5866104359813196,-1.4278858231722706,0.744483737476454,-0.19000021498593467,-1.2169629589545075,-0.7954137025882189,0.5004906749227438,0
-1.5004654587431,0.8542261882667355,0.7740529578991624,0.6649099662043687,2.2714965346593385,-0.21394936063286876,-0.1470912259077552,-0.40558096634200186,0.26473303696246064,-0.9217853988824787,0.4632753704701644,0.05166594039862556,-0.28161497154828363,2
0.22153469076730595,-0.2268730061216503,0.7740529578991624,-1.5039630187955961,-1.4975590940514982,1.67509984526323,0.5121875892025913,1.9643075654008941,-0.9128368642991593,0.059667671284651405,-0.11812197535152155,-0.19757095455711918,-0.7317481098203543,4
1.0825347655225088,0.8542261882667355,0.7740529578991624,0.6649099662043687,-0.5854132113041262,1.1823044002468563,0.6586939925604461,1.9178391628177,-0.46216196381631697,-0.2502648771891797,-0.5735498962451753,-0.5514062067023585,-0.49101217668707736,5
-1.0699654213654983,-1.307972200510036,-1.4526190679734936,-1.5039630187955961,-0.1895763187911166,0.5252438068916917,-0.0005848225499004049,-0.17323895342603166,0.1629677368534319,-0.44827733871412667,1.2966115661479138,0.5375031239854979,-0.101394576356818,15
-0.2089653466102955,-1.307972200510036,0.7740529578991624,-1.5039630187955961,1.6863463457270627,-0.33714822188696214,-0.0005848225499004049,-0.26617575859241976,-1.1890569645950946,-0.7409914122727441,-1.2518467997038085,-0.2726984674480696,-1.2296251189153253,5
0.6520347281449074,0.8542261882667355,0.7740529578991624,0.6649099662043687,-0.5165720126062112,-0.41928079605635776,-0.5866104359813196,-0.591454576674778,0.0030508366821006185,1.6523766009418355,2.2365372752263055,0.2609734103227009,0.8405840013324447,13
-1.5004654587431,0.8542261882667355,-1.4526190679734936,-1.5039630187955961,2.047762638891115,-0.5424796573104511,0.14592158080795437,-1.1026070050899124,1.064317537819116,-0.4827142885445522,0.6745164061187098,0.15755089577198123,0.5629501223691404,17
-1.5004654587431,0.8542261882667355,0.7740529578991624,-1.5039630187955961,-0.05189392139528681,-0.5014133702257534,0.2924279841658092,-0.2197073560092257,1.5295303383175336,-0.5515881882054037,0.18420464447575516,-0.6072181781321792,0.8651099623716055,2
-1.0699654213654983,0.8542261882667355,-1.4526190679734936,-1.5039630187955961,0.7397798636307338,-0.6246122314798468,-0.5866104359813196,0.24497666982271468,0.860786937601058,-0.11251707786747658,-0.3700608252075853,-0.6683517561401922,0.642396068757475,1
-1.5004654587431,0.8542261882667355,0.7740529578991624,-1.5039630187955961,1.4798227496333178,-0.17288307354817095,-0.9528764443759564,-1.1490754076731065,0.9625522377100872,-1.903238469049608,-0.30416912601446083,1.6638794783007613,-0.4313868402940944,2
1.5130348029001102,-1.307972200510036,-0.33928305503716566,0.6649099662043687,0.8774622610265636,1.5108346969244388,0.21917478248688177,0.10557146207313257,-1.959565665420599,-0.7237729373575317,-0.3506809136801958,1.1059775674733239,-1.780423701719242,10
0.22153469076730595,-0.2268730061216503,-0.33928305503716566,0.6649099662043687,-1.7901341885176363,1.67509984526323,1.3179728076707926,1.4996235395689537,-0.4185482637695902,1.3854902397560362,-0.28091323218159336,-0.22120700828965226,0.2718178811450242,12
-1.0699654213654983,-1.307972200510036,-1.4526190679734936,-1.5039630187955961,-0.05189392139528681,0.15564722312941145,1.3179728076707926,-0.3126441611756138,0.20658143690015815,0.5159572565377903,0.009785440729249468,-0.3571576669581606,0.44867731130519684,15
-0.639465383987897,-1.307972200510036,0.7740529578991624,-1.5039630187955961,-0.03468362172080847,-1.0763413894115226,-1.245889251091666,-1.1955438102563005,1.3696134381462024,-1.5760874456605651,-0.6336276219800827,0.6141797658195772,0.023524318535975648,11
-1.0699654213654983,0.8542261882667355,-1.4526190679734936,0.6649099662043687,-0.9812501038171373,1.3055032615009499,-0.0005848225499004049,0.059103059489938534,-0.0841765634113529,1.1444315909430574,0.33924393669487135,1.0916915020658073,0.49667552542776233,15
0.6520347281449074,0.8542261882667355,-1.4526190679734936,0.6649099662043687,-0.5509926119551695,-0.008617925209379757,-0.29359762926560995,-1.0561386025067183,1.0207038377723894,1.4715826143321002,2.294677009808474,1.1136920427933825,1.8083602565591943,0
0.6520347281449074,0.8542261882667355,0.7740529578991624,-1.5039630187955961,-1.4631384947025416,-0.7888773798186379,0.3656811858447365,-0.637922979257972,1.398689238177354,2.4616449219568364,2.294677009808474,-0.6463103980828817,2.9038168482179643,5
0.6520347281449074,0.8542261882667355,-1.4526190679734936,-1.5039630187955961,0.41278416981563915,-0.17288307354817095,0.2924279841658092,-0.3126441611756138,1.4277650382085043,0.4815203067073643,2.294677009808474,-0.21141744872132717,1.5259301896593431,1
1.0825347655225088,-1.307972200510036,0.7740529578991624,-1.5039630187955961,0.2923120720942877,1.1823044002468563,1.2447196059918653,1.5925603447353418,-0.24409346358268366,0.003707627810209318,-1.0987454986374312,-0.5726532015369316,-0.1989988176034059,5
0.22153469076730595,-1.307972200510036,0.7740529578991624,-1.5039630187955961,-1.5491899930749349,1.5929672710938345,2.0505048244600665,1.5460919421521477,-1.7414971651869657,1.1272131160278442,0.19970857369766673,-0.514062249739017,-1.1541941631859944,5
-1.0699654213654983,-1.307972200510036,0.7740529578991624,-1.5039630187955961,-0.1551557194421584,0.03244836187531804,-0.1470912259077552,-0.3591125637588078,0.1629677368534319,-0.5085420009173717,1.3586272830355601,0.278063257351553,-0.13331466046482301,5
-1.0699654213654983,0.8542261882667355,0.7740529578991624,-1.5039630187955961,0.34394297111772426,1.264436974416252,-1.1726360494127386,-0.03383374567644955,0.03212663671325162,0.4987387816225773,1.1512622296924924,2.0437149008226885,0.2824821323524221,9
0.22153469076730595,-1.307972200510036,0.7740529578991624,0.6649099662043687,-2.082709282983774,0.19671351021410924,0.7319471942393735,2.010775967984088,-0.6220788639876482,0.1027138585726834,-0.9766520560148774,-1.2623663557847167,-0.4707737169851326,4
0.6520347281449074,0.8542261882667355,-1.4526190679734936,0.6649099662043687,-0.6542544100020411,0.8537741035692741,-0.22034442758668257,-0.3591125637588078,0.26473303696246064,0.003707627810209318,2.294677009808474,1.2216946972742049,0.22225727246737118,1
0.22153469076730595,-0.2268730061216503,-0.33928305503716566,0.6649099662043687,-2.444125576147827,0.27884608438350483,0.6586939925604461,1.4996235395689537,-0.5784651639409215,1.3768810022984304,-0.4902162766774004,-0.9894407289210164,0.10371512744475907,12
-1.5004654587431,0.8542261882667355,-0.33928305503716566,-1.5039630187955961,-0.6198338106530844,-0.37821450897166,-1.4656488561284482,-1.1026070050899124,1.5876819383798357,-0.2502648771891797,-0.37587479866580215,1.8517101817456703,1.130480860815328,8
1.5130348029001102,0.8542261882667355,-1.4526190679734936,0.6649099662043687,1.4281918506098827,0.03244836187531804,-0.44010403262346476,0.1520398646563266,-0.7965336641745547,-1.0939701480346067,0.18226665332301606,-0.003720036258206391,-1.0848856140271794,14
1.5130348029001102,0.8542261882667355,-1.4526190679734936,0.6649099662043687,0.2923120720942877,-0.41928079605635776,1.3179728076707926,0.3379134749891028,-0.7674578641434038,0.7053604806051313,0.40901161819347354,-1.1920009899866053,-0.3554108632083377,14
-1.0699654213654983,0.8542261882667355,0.7740529578991624,0.6649099662043687,-0.06910422106976516,0.07351464896001585,-0.7331168393391743,0.570255487905073,0.3810362370870652,-0.15556326515550858,-0.25184336489050907,-0.14320123435270576,0.2291427089368839,5
0.6520347281449074,0.8542261882667355,-1.4526190679734936,-1.5039630187955961,-0.3616793155359031,0.7305752423151807,-0.1470912259077552,-0.9167333947571363,0.9189385376633605,1.5232380390777394,1.8043652481655192,1.7331190317275122,1.7354545664479704,0
0.6520347281449074,0.8542261882667355,0.7740529578991624,0.6649099662043687,-0.03468362172080847,0.9359066777386696,-1.0261296460548839,-1.0561386025067183,0.20658143690015815,1.8073428751787504,0.7559120345337461,3.25060170644966,1.140854433965967,13
-1.5004654587431,0.8542261882667355,-0.33928305503716566,0.6649099662043687,0.5160459678625108,-0.8299436669033358,-1.1726360494127386,-0.2197073560092257,1.1806207379437206,-0.6893359875271056,0.06598718415867892,-0.24136451749507945,0.5110640892374042,8
1.5130348029001102,-1.307972200510036,0.7740529578991624,0.6649099662043687,-0.10352482041872338,1.8393649936020213,0.8052003959183008,-0.03383374567644955,-1.668807665109088,-1.2058902349834897,-1.1975830474271179,1.187078461863685,-1.6975804555425196,11
0.22153469076730595,-1.307972200510036,0.7740529578991624,0.6649099662043687,-2.7001287838056975,0.48417751980699386,0.6586939925604461,1.3602183318193717,-1.639731865077937,0.9033729421300783,0.6473845299803649,-0.7800786400858708,-1.1133357288326065,5
0.6520347281449074,0.8542261882667355,0.7740529578991624,-1.5039630187955961,-0.8091471070723507,0.15564722312941145,-1.4656488561284482,-0.9167333947571363,0.7880974375231803,1.3080071026375795,1.5427364425457606,2.3460506898170976,1.4647424587112736,13
1.5130348029001102,-1.307972200510036,-1.4526190679734936,-1.5039630187955961,1.06677555744583,-0.13181678646347317,-0.5133572343023921,-0.591454576674778,-2.032255165498477,0.42125564450411923,0.5252910873578106,0.5606439672622732,-1.5913012910394881,14
-0.2089653466102955,-1.307972200510036,-1.4526190679734936,0.6649099662043687,-0.7747265077233926,0.03244836187531804,-0.22034442758668257,-0.637922979257972,-0.12779026345807915,-1.1025793854922132,-0.28091323218159336,0.6036795077450531,-0.6419830924170247,1
1.5130348029001102,-1.307972200510036,-1.4526190679734936,0.6649099662043687,-0.03468362172080847,0.27884608438350483,0.4389343875236639,0.616723890488267,-2.017717265482901,-0.9648315861705107,0.4574613970119473,-0.47977569276097815,-1.8738040274535293,14
-0.639465383987897,-1.307972200510036,0.7740529578991624,-1.5039630187955961,0.997934358747915,-2.43152886320655,-0.8796232426970291,-1.4743542257554647,0.07574033675997838,-1.8343645693887571,-0.9456441975710542,-1.5769455160582244,-0.8844994286479596,3
1.0825347655225088,0.8542261882667355,-1.4526190679734936,0.6649099662043687,0.5848871665604256,1.100171826077461,-0.5133572343023921,1.0814079163202073,0.0030508366821006185,-0.9390038737976917,-0.9359542418073594,0.30630634527211004,-0.4718274249408893,17
-0.639465383987897,-1.307972200510036,0.7740529578991624,0.6649099662043687,0.7225695639562555,-1.0352751023268247,-0.8063700410181017,-0.45204936892519587,-0.46216196381631697,-0.8443022617640212,-0.29835515255624406,-0.4925334814039694,-0.7517503936011811,5
-1.0699654213654983,-1.307972200510036,0.7740529578991624,0.6649099662043687,-0.03468362172080847,0.8948403906539718,0.5854407908815187,0.4773186827386849,0.03212663671325162,-0.32774801430763717,1.517542557560154,0.06606629432940225,-0.13958240606371966,5
0.6520347281449074,0.8542261882667355,-1.4526190679734936,0.6649099662043687,-0.8263574067468291,0.36097865855290046,-0.36685083094453735,-0.8237965895907482,0.11935403680670514,1.7126412631450791,1.0272307959171993,1.3374118270750859,0.9962421007276534,0
1.5130348029001102,-1.307972200510036,0.7740529578991624,0.6649099662043687,0.08578847600054298,0.8537741035692741,-0.6598636376602469,-0.40558096634200186,-1.1599811645639435,0.003707627810209318,-0.28091323218159336,1.6251877603626717,-0.9572597797308042,5
-1.0699654213654983,0.8542261882667355,0.7740529578991624,0.6649099662043687,-0.6886750093509992,0.5663100939763894,-0.29359762926560995,0.663192293071461,0.4973394372116692,0.08549538365747036,0.37606576859691154,0.042434944289153564,0.46212117143036696,5
-0.2089653466102955,0.8542261882667355,0.7740529578991624,0.6649099662043687,1.6347154467036276,-0.13181678646347317,-0.1470912259077552,-0.591454576674778,-0.5203135638786195,-1.2058902349834897,-0.9282022771964036,0.31775943694558023,-0.9483940989996111,16
0.6520347281449074,0.8542261882667355,-1.4526190679734936,0.6649099662043687,-1.6180311917728496,0.6895089552304828,-0.5866104359813196,-0.8702649921739423,1.1806207379437206,2.1344938985677935,-0.28091323218159336,2.031714605880375,2.4238710417494014,1
-1.0699654213654983,0.8542261882667355,0.7740529578991624,-1.5039630187955961,-0.5854132113041262,1.264436974416252,-0.5133572343023921,0.5237870853218789,-0.27316926361383465,0.24907089535199123,0.15707276833740974,0.9176331700196361,-0.10864336039728172,5
0.6520347281449074,0.8542261882667355,-1.4526190679734936,0.6649099662043687,0.5504665672114675,1.059105538992763,0.14592158080795437,-0.591454576674778,0.6427184373674247,1.6782043133146543,1.899326814649728,1.446700227442585,1.5387200241568033,0
0.6520347281449074,0.8542261882667355,-1.4526190679734936,-1.5039630187955961,0.34394297111772426,0.443111232722296,-0.5133572343023921,-1.1026070050899124,1.209696537974871,0.7656251428083752,0.8043618133522199,2.003292854701211,1.523913610640568,0
-0.2089653466102955,0.8542261882667355,0.7740529578991624,0.6649099662043687,1.4626124499588395,-1.3227391119197094,0.07266837912902699,-0.591454576674778,-0.3603966637072882,-1.2403271848139157,-0.8448686576286286,-1.1344684754784795,-0.8597009569305853,16
-1.5004654587431,0.8542261882667355,-0.33928305503716566,0.6649099662043687,1.3765609515864463,0.03244836187531804,-0.44010403262346476,-0.7308597844243602,0.5845668373051227,-1.5330412583725332,0.37412777744417214,0.8690977958809311,-0.42095876500781415,8
0.22153469076730595,-0.2268730061216503,-1.4526190679734936,0.6649099662043687,-0.5682029116296479,2.1678952902796036,0.14592158080795437,1.871370760234506,-0.37493456372286393,1.3510532899256114,0.5194771138995936,0.32469278505931853,0.301121862742185,6
0.6520347281449074,0.8542261882667355,0.7740529578991624,0.6649099662043687,0.44720476916459584,0.6073763810610873,0.2924279841658092,-1.1026070050899124,1.1660828379281447,1.5748934638233774,1.7481635047360895,1.454459038827702,2.0294572534825956,5
-0.2089653466102955,0.8542261882667355,0.7740529578991624,0.6649099662043687,0.20626057372189446,-0.583545944395149,0.3656811858447365,-1.1955438102563005,0.04666453672882738,-0.12112631532508372,-0.4940922589828781,0.06003823919558857,-0.022293810160886884,16
1.5130348029001102,0.8542261882667355,-1.4526190679734936,-1.5039630187955961,0.17183997437293624,-0.37821450897166,-0.5866104359813196,0.3843818775722968,-1.043677964439339,0.7225789555203432,-0.49990623244109517,-0.5169461657465156,-0.6061206871642069,14
0.22153469076730595,-0.2268730061216503,-0.33928305503716566,0.6649099662043687,-0.2584175174890315,0.15564722312941145,1.4644792110286473,2.2895863834832526,-1.9159519653738721,0.6967512431475242,0.15319678603193176,-1.5274637804194635,-1.4251787816009034,12
1.0825347655225088,-1.307972200510036,0.7740529578991624,0.6649099662043687,-0.1551557194421584,1.4287021227550432,1.2447196059918653,1.2672815266529835,-0.3603966637072882,0.4987387816225773,-0.7208372238533356,-0.24635462936081878,-0.07069170661149801,5
-1.5004654587431,0.8542261882667355,0.7740529578991624,0.6649099662043687,1.875659642146329,-0.46034708314105555,-1.1726360494127386,0.012634656906744493,1.747598838551167,-1.3952934590508306,-0.3080451083199388,-0.015588459827527523,0.3871262327861763,2
-1.5004654587431,0.8542261882667355,0.7740529578991624,0.6649099662043687,1.7551875444249774,0.03244836187531804,-0.9528764443759564,-0.45204936892519587,0.42464993713379146,-1.1886717600682772,-0.5095961882047899,0.925973143338619,-0.32220089522345874,2
-1.5004654587431,0.8542261882667355,-1.4526190679734936,0.6649099662043687,-0.13794541976768007,-0.8299436669033358,-0.6598636376602469,-1.0096701999235245,0.7154079374453025,-0.7237729373575317,0.4942832289139875,0.24114428159305143,0.15171334156732458,17
-1.0699654213654983,0.8542261882667355,0.7740529578991624,0.6649099662043687,-1.0156707031660939,-0.2550156477175666,1.024960000955083,-0.6843913818411661,0.3374225370403384,-0.9562223487129041,0.5834308219399792,-0.3626838661001278,-0.25031257831089504,9
-0.2089653466102955,0.8542261882667355,0.7740529578991624,-1.5039630187955961,-0.06910422106976516,-0.2550156477175666,-1.0993828477338112,-0.544986174091584,-0.8982989642835836,-0.5343697132901907,-0.28091323218159336,0.7896840793509137,-0.9427258768927828,5
-0.2089653466102955,-1.307972200510036,-1.4526190679734936,0.6649099662043687,-0.2584175174890315,0.23777979729880705,-0.44010403262346476,-1.4278858231722706,-1.7996487652492679,0.6967512431475242,-1.4088240830756635,2.201433062921668,-1.3171918835144043,1
-0.639465383987897,-0.2268730061216503,0.7740529578991624,0.6649099662043687,1.6347154467036276,-1.5691368344278962,-1.4656488561284482,-1.4743542257554647,1.0207038377723894,0.22324318297917226,0.009785440729249468,0.4116747886680347,0.9917365908478663,11
-0.2089653466102955,0.8542261882667355,0.7740529578991624,0.6649099662043687,1.6863463457270627,-1.1174076764962204,-1.0993828477338112,-1.3349490180058827,-1.5234286649533324,0.17158775823353437,-0.4882782855246613,0.6173941305362686,-1.2103313628978518,5
-1.5004654587431,0.8542261882667355,-1.4526190679734936,-1.5039630187955961,1.0323549580968718,0.07351464896001585,-1.0993828477338112,-0.2197073560092257,0.3519604370559137,-1.3780749841356177,-0.8894424541416245,0.8089259315860037,-0.47531556162201405,17
-1.5004654587431,0.8542261882667355,0.7740529578991624,0.6649099662043687,2.3747583327062114,0.40204494563759824,-0.6598636376602469,-0.2197073560092257,1.1079312378658428,0.24907089535199123,-0.6297516396746048,0.8762023348221103,1.0839542043551127,5
0.22153469076730595,-0.2268730061216503,0.7740529578991624,0.6649099662043687,-1.411507595679105,2.0036301419408127,0.9517067992761556,1.4531551369857596,-0.8110715641901305,0.16297852077592723,-0.28091323218159336,0.15418501639587476,-0.606556704249348,4
-1.0699654213654983,0.8542261882667355,-1.4526190679734936,-1.5039630187955961,-0.6198338106530844,0.19671351021410924,-0.07383802422882779,-0.17323895342603166,-0.781995764158979,0.9894653167061424,0.7384701141590954,0.24225886007066588,-0.2574160233229776,1
-1.5004654587431,0.8542261882667355,0.7740529578991624,-1.5039630187955961,1.6175051470291477,0.03244836187531804,-0.9528764443759564,0.1520398646563266,0.4391878371493672,-0.8356930243064147,-0.7634730292135926,0.278063257351553,-0.11156830834343316,2
-1.5004654587431,0.8542261882667355,0.7740529578991624,0.6649099662043687,-0.378889615210383,-0.583545944395149,-1.1726360494127386,-0.6843913818411661,1.7912125385978932,-1.0250962483737558,-0.8119228080320664,0.5822052957430179,0.6979519123558109,5
-1.0699654213654983,-1.307972200510036,-1.4526190679734936,-1.5039630187955961,0.2578914727453295,0.7305752423151807,-0.29359762926560995,0.3843818775722968,-0.3894724637384392,0.42125564450411923,0.031103343409377832,0.4116747886680347,-0.13167959639554586,1
0.22153469076730595,-1.307972200510036,0.7740529578991624,0.6649099662043687,-1.0673016021895305,1.1823044002468563,0.2924279841658092,2.1966495783168645,-1.4507391648754546,0.6106588685714602,0.6066867157728464,-0.5726532015369316,-1.0186655192214444,4
-1.5004654587431,0.8542261882667355,-0.33928305503716566,0.6649099662043687,1.2732991535395746,-1.0763413894115226,0.2924279841658092,0.1520398646563266,1.122469137881418,-0.3880126765108816,0.3295539809311766,-1.3694216185595673,0.6703374969635713,8
0.6520347281449074,0.8542261882667355,-1.4526190679734936,0.6649099662043687,0.843041661677607,0.648442668145785,-0.5866104359813196,-0.17323895342603166,1.0061659377568135,1.1874777782310892,1.9032027969552057,1.0483220150813053,1.6079740711799746,0
1.0825347655225088,0.8542261882667355,0.7740529578991624,0.6649099662043687,0.34394297111772426,0.8537741035692741,1.024960000955083,0.3843818775722968,0.7880974375231803,0.11132309603028931,-1.1820791182052064,-0.09066313914974519,0.7223143669880449,9
-1.5004654587431,0.8542261882667355,-0.33928305503716566,0.6649099662043687,1.3765609515864463,-0.6656785185645445,0.14592158080795437,-0.3591125637588078,1.3696134381462024,-0.08668936549465764,0.5562989458016337,-0.6148850955061215,1.0732717857691667,8
-1.5004654587431,0.8542261882667355,-1.4526190679734936,0.6649099662043687,0.41278416981563915,0.5663100939763894,0.5121875892025913,-0.9632017973403303,0.4682636371805182,-0.00920622837620077,-0.505720205899312,1.0620133532837415,0.38334741804829053,17
-1.0699654213654983,-1.307972200510036,0.7740529578991624,-1.5039630187955961,1.0495652577713501,-0.04968421229407756,-0.0005848225499004049,-0.7773281870075541,0.17750563686900714,0.2318524204367794,-0.28091323218159336,0.5076771482065434,0.2713636966813364,9
1.0825347655225088,0.8542261882667355,0.7740529578991624,0.6649099662043687,0.8774622610265636,-0.33714822188696214,1.6109856143865022,0.8955343059874312,0.7154079374453025,1.1186038785702384,-0.5851778431616089,-1.4272893281675947,1.2752930352176646,9
1.0825347655225088,-1.307972200510036,0.7740529578991624,-1.5039630187955961,0.8602519613520853,0.03244836187531804,-0.22034442758668257,1.5460919421521477,0.6136426373362737,0.9464191294181103,-1.3797542157845792,-0.944270946419666,1.072109073542125,5
1.0825347655225088,-1.307972200510036,0.7740529578991624,0.6649099662043687,-0.44773081390829633,0.36097865855290046,-0.29359762926560995,-0.12677055084283761,-0.18594186352038167,0.4987387816225773,-0.5231621262739624,0.4980769122526929,0.0862744440391327,5
0.6520347281449074,0.8542261882667355,0.7740529578991624,0.6649099662043687,-0.7575162080489142,-0.09075049937877536,0.3656811858447365,-0.2197073560092257,0.2501951369468849,0.3696002197584813,1.5427364425457606,-0.2343223970116525,0.4086545763649951,5
0.6520347281449074,0.8542261882667355,0.7740529578991624,-1.5039630187955961,-0.2239969181400733,0.03244836187531804,-0.0005848225499004049,-0.8237965895907482,1.2969239380683246,0.5676126812834282,1.5543643894621941,0.6543773830069617,1.468303264906589,0
1.0825347655225088,-1.307972200510036,0.7740529578991624,0.6649099662043687,-0.7230956086999559,-0.13181678646347317,0.2924279841658092,2.057244370567282,-0.46216196381631697,0.4901295441649714,-0.9243262948909255,-1.3999826413328618,-0.1660341092289183,5
-1.5004654587431,0.8542261882667355,0.7740529578991624,0.6649099662043687,1.1528270558182232,-0.5424796573104511,-0.8063700410181017,-1.0096701999235245,0.4391878371493672,0.003707627810209318,-0.3235490375418504,0.7619536680652977,0.3666879319202086,2
-1.5004654587431,0.8542261882667355,0.7740529578991624,0.6649099662043687,0.01694727730262809,0.5252438068916917,-0.29359762926560995,-0.40558096634200186,1.558606138348685,-1.9548938937952467,-0.7208372238533356,0.9631777051658524,-0.14072695091221377,5
0.6520347281449074,0.8542261882667355,-1.4526190679734936,0.6649099662043687,-0.4993617129317329,0.7305752423151807,0.5121875892025913,0.10557146207313257,0.29380883699361166,0.4384741194193323,1.45165085836703,0.22546331542523682,0.48486672937187036,0
0.22153469076730595,-0.2268730061216503,0.7740529578991624,-1.5039630187955961,-0.1895763187911166,2.291094151533697,2.1970112278179212,2.2895863834832526,-0.9419126643303103,1.2993978651799722,-0.5677359227869585,-0.44770117171700624,-0.29823812291927093,5
0.22153469076730595,-0.2268730061216503,-1.4526190679734936,0.6649099662043687,-0.03468362172080847,1.8804312806867192,2.4259274830645694,1.871370760234506,-1.3489738647664258,0.003707627810209318,-0.013470453103618014,-0.5746645124892358,-1.1137263274713785,6
-0.639465383987897,-1.307972200510036,0.7740529578991624,-1.5039630187955961,-1.1017222015384887,-2.472595150291248,-1.612155259486303,-1.4278858231722706,-0.01148706333347514,-1.30059184701716,-0.27703724987611567,-1.2683665032558735,-0.6642381311377451,11
0.22153469076730595,-1.307972200510036,-1.4526190679734936,-1.5039630187955961,-0.03468362172080847,0.03244836187531804,2.1970112278179212,1.824902357651312,-0.752919964127828,0.1027138585726834,-0.28672720563981047,-1.6011019539291156,-0.5809770352544297,6
-1.5004654587431,0.8542261882667355,-0.33928305503716566,0.6649099662043687,1.06677555744583,-1.3638053990044072,0.07266837912902699,-1.1026070050899124,0.4973394372116692,-0.23304640227396667,-0.5599839581760025,-0.8226412625413674,0.27794028771554,8
-0.639465383987897,-1.307972200510036,-1.4526190679734936,0.6649099662043687,-0.8607780060957858,-2.1029985665289677,-0.22034442758668257,-0.3591125637588078,1.2969239380683246,-2.247607967353864,-0.6956433388677292,-2.0183849371504756,-0.4861978213719827,0
-1.0699654213654983,0.8542261882667355,0.7740529578991624,0.6649099662043687,0.825831362003127,0.7716415293998784,0.2924279841658092,0.5237870853218789,0.4391878371493672,-0.7151636998999252,1.0950604862630626,0.05756772479648497,-0.042895617433782306,5
-0.2089653466102955,0.8542261882667355,0.7740529578991624,0.6649099662043687,1.6175051470291477,-0.994208815242127,0.07266837912902699,-0.9167333947571363,-1.1309053645327927,0.12854157094550236,-0.8196747726430224,-0.5210754091208887,-0.8905128309471909,3
1.0825347655225088,-1.307972200510036,0.7740529578991624,0.6649099662043687,0.06857817632606465,0.9359066777386696,-0.6598636376602469,0.10557146207313257,0.7590216374920292,0.6709235307747053,-1.075489604804564,1.1028917773452995,1.0426052507809414,5
-0.639465383987897,-0.2268730061216503,0.7740529578991624,0.6649099662043687,0.5160459678625108,-1.2406065377503137,-1.6854084611652305,-1.3814174205890766,-0.33132086367613717,-0.7668191246455637,-1.32355247235515,1.1316924852068528,-0.6240518897906159,3
1.0825347655225088,0.8542261882667355,0.7740529578991624,0.6649099662043687,-0.05189392139528681,-0.29608193480226436,1.0982132026340103,0.24497666982271468,0.482801537196094,0.003707627810209318,-1.3758782334791013,-0.983005158958337,0.4027955967834181,9
0.22153469076730595,-1.307972200510036,0.7740529578991624,0.6649099662043687,-0.5854132113041262,0.5252438068916917,1.757492017744357,2.2895863834832526,-0.6511546640187993,0.6795327682323112,-0.3429289490692399,-1.3643688627943829,-0.2579065425437616,4
-1.5004654587431,0.8542261882667355,0.7740529578991624,0.6649099662043687,-0.2584175174890315,0.19671351021410924,-1.3191424527705935,-0.544986174091584,1.6022198383954114,-1.6277428704062036,-0.6142477104526932,1.589885564822464,0.12460761277441455,5
-0.639465383987897,-1.307972200510036,0.7740529578991624,0.6649099662043687,0.24068117307085113,-2.0619322794442696,-1.612155259486303,-0.7308597844243602,0.01758873669767638,-2.2389987298962577,-0.16463376301725624,-1.2161913078545101,-1.1229099373271527,3
-0.639465383987897,-0.2268730061216503,0.7740529578991624,-1.5039630187955961,-0.7919368073978709,-2.5957940115453413,-1.6854084611652305,-0.544986174091584,1.1079312378658428,-1.9462846563376401,-0.18982764800286284,-2.108387149217828,-0.37997315900459344,3
-0.2089653466102955,0.8542261882667355,0.7740529578991624,0.6649099662043687,1.2216682545161381,-0.7478110927339402,-1.1726360494127386,-0.591454576674778,-0.8546852642368568,-0.9303946363400852,-0.5347900731903963,0.24551685869753834,-1.0612861892939423,3
-0.639465383987897,-1.307972200510036,0.7740529578991624,0.6649099662043687,-0.7230956086999559,-2.226197427783061,-1.5389020578073755,-1.3814174205890766,0.3810362370870652,-0.39662191396848817,-0.9146363391272309,-0.8997860157419553,0.0938320735149043,11
1.5130348029001102,0.8542261882667355,0.7740529578991624,0.6649099662043687,0.843041661677607,1.059105538992763,0.8784535975972283,-0.544986174091584,-0.46216196381631697,-0.7840375995607761,-0.06192023192209182,0.8961726779278001,-0.7252986904359822,5
-1.5004654587431,0.8542261882667355,0.7740529578991624,0.6649099662043687,1.8584493424718507,-1.1584739635809183,-0.6598636376602469,0.012634656906744493,1.3696134381462024,-0.6118528504086481,-0.4320765420952319,-1.0430548431144753,0.7031296152418568,2
-0.639465383987897,-1.307972200510036,0.7740529578991624,0.6649099662043687,-0.2928381168379882,-2.020865992359572,-1.612155259486303,-0.637922979257972,0.6717942373985762,-1.9290661814224277,-0.7692870026718094,-1.2311824907585642,-0.6072107298770582,11
-1.5004654587431,0.8542261882667355,-1.4526190679734936,0.6649099662043687,0.24068117307085113,-0.8710099539880336,-1.0993828477338112,-0.591454576674778,1.500454538286382,-1.73105371989748,-0.7227752150060747,0.02888057025499212,-0.010321507698066574,17
0.6520347281449074,0.8542261882667355,-1.4526190679734936,0.6649099662043687,0.602097466234904,0.03244836187531804,-0.0005848225499004049,-0.45204936892519587,1.3696134381462024,2.2550232229742835,2.294677009808474,0.278063257351553,2.723741792054878,0
0.6520347281449074,0.8542261882667355,-1.4526190679734936,0.6649099662043687,-1.5147693937259765,-1.3227391119197094,-1.0261296460548839,-0.40558096634200186,0.4101120371182162,1.6007211761961961,1.3179294688280423,-0.7712114270743091,1.2457892124564809,0
-1.0699654213654983,0.8542261882667355,0.7740529578991624,-1.5039630187955961,-0.03468362172080847,-0.7067448056492424,0.14592158080795437,-0.49851777150838994,0.9480143376945115,-0.17278174007072164,0.0020334761182935483,-0.5581449658536386,0.674352487622575,9
-1.5004654587431,0.8542261882667355,0.7740529578991624,-1.5039630187955961,-0.12073512009320171,-1.0763413894115226,0.07266837912902699,-0.45204936892519587,0.5991047373206985,0.1027138585726834,-0.2906031879452881,-0.954889410885232,0.5577905868616432,5
1.5130348029001102,0.8542261882667355,-0.33928305503716566,-1.5039630187955961,1.06677555744583,-0.09075049937877536,0.9517067992761556,0.10557146207313257,-0.46216196381631697,0.5503942063682152,-0.4340145332479707,-0.6860571093337695,-0.13958240606371966,10
-0.2089653466102955,-1.307972200510036,0.7740529578991624,0.6649099662043687,0.825831362003127,-0.9531425281574292,0.2924279841658092,-0.9167333947571363,-1.959565665420599,-1.1370163353226386,-0.3971927013459305,-0.5852727911549438,-1.8719872895987764,5
0.6520347281449074,0.8542261882667355,0.7740529578991624,0.6649099662043687,-0.3616793155359031,0.11458093604471364,-0.5866104359813196,-0.03383374567644955,1.2969239380683246,2.151712373483006,2.0853739653126673,0.3235093564387916,2.568083692659669,5
-0.639465383987897,-0.2268730061216503,0.7740529578991624,-1.5039630187955961,0.10299877567502133,-2.1851311406983633,-1.4656488561284482,-0.8237965895907482,-0.4766998638318927,0.1543692833183213,-0.9824660294730941,-1.404022011299419,-0.3257617014187741,5
1.5130348029001102,0.8542261882667355,0.7740529578991624,0.6649099662043687,0.8774622610265636,1.5108346969244388,-0.36685083094453735,-0.6843913818411661,-1.639731865077937,0.003707627810209318,0.11831294528263069,2.546899681852115,-1.354444093226108,5
-0.2089653466102955,-1.307972200510036,0.7740529578991624,0.6649099662043687,1.2044579548416599,-0.7067448056492424,-1.0993828477338112,-1.3349490180058827,-1.508890764937757,-1.2833733721019478,-1.2557227820092867,1.303125270097047,-1.6155002392647937,16
0.6520347281449074,0.8542261882667355,-1.4526190679734936,0.6649099662043687,-0.8435677064213074,-0.9531425281574292,-1.0261296460548839,-0.03383374567644955,0.4101120371182162,1.3682717648408231,-0.28091323218159336,-0.6213940802789647,1.114330061286577,0
0.22153469076730595,-1.307972200510036,-0.33928305503716566,0.6649099662043687,-1.4287178953535833,0.31991237146820267,2.4167708328547035,2.2895863834832526,-1.8578003653115702,0.6537050558594922,-0.3700608252075853,-1.5998032207102502,-1.381359064544269,12
1.0825347655225088,-1.307972200510036,0.7740529578991624,0.6649099662043687,-0.44773081390829633,0.8537741035692741,-0.1470912259077552,1.2208131240697895,0.04666453672882738,0.6881420056899183,-1.0134738879169174,-0.14894967733928918,0.3926854506217201,9
-1.0699654213654983,0.8542261882667355,0.7740529578991624,-1.5039630187955961,-0.8435677064213074,0.36097865855290046,0.2924279841658092,-0.03383374567644955,-0.5057756638630437,1.0066837916213554,-0.377812789818541,0.09748524836018675,0.018237611378645418,9
0.6520347281449074,0.8542261882667355,-1.4526190679734936,-1.5039630187955961,-0.6714647096765209,0.9359066777386696,-1.5389020578073755,-0.3591125637588078,1.122469137881418,0.4126464070465133,1.327619424591737,2.5163419016276563,1.2059299839232072,0
1.5130348029001102,0.8542261882667355,-0.33928305503716566,0.6649099662043687,1.4970330493077977,-0.09075049937877536,0.3656811858447365,0.10557146207313257,-1.668807665109088,-1.214499472441096,-1.0134738879169174,-0.4599255808263237,-1.6998513778609607,10
0.22153469076730595,-1.307972200510036,-0.33928305503716566,0.6649099662043687,-2.289232879077519,-0.13181678646347317,0.8052003959183008,2.2895863834832526,-0.8110715641901305,-0.09529860295226476,-0.29835515255624406,-1.5802304556489346,-0.7068406338316957,12
-0.2089653466102955,0.8542261882667355,0.7740529578991624,0.6649099662043687,0.05136787665158477,-0.7888773798186379,0.3656811858447365,-1.0096701999235245,-0.33132086367613717,0.5159572565377903,-0.9669621002511826,-0.3563440876400379,-0.03664603921343282,3
-1.5004654587431,0.8542261882667355,-0.33928305503716566,-1.5039630187955961,1.5314536486567545,-0.7888773798186379,-0.5133572343023921,-1.1026070050899124,0.9480143376945115,-0.6893359875271056,0.2152125029195783,0.2979877839513793,0.3418894602028349,8
-1.0699654213654983,-1.307972200510036,0.7740529578991624,0.6649099662043687,0.843041661677607,0.8948403906539718,-0.5866104359813196,0.616723890488267,0.9189385376633605,-0.9045669239672656,1.5989381859751903,0.5273919184689158,0.18312473907599808,9
-0.2089653466102955,0.8542261882667355,0.7740529578991624,0.6649099662043687,1.2388785541906164,-0.21394936063286876,-0.7331168393391743,-1.1490754076731065,-1.1599811645639435,-0.3019203019348176,-0.6743254361876009,1.3716983840531256,-1.060450489880756,5
-1.5004654587431,0.8542261882667355,-0.33928305503716566,-1.5039630187955961,0.6881489646072972,0.03244836187531804,-0.29359762926560995,-0.9167333947571363,1.2387723380060225,0.20602470806395923,-0.13168791342069427,0.9842189810964928,1.1674151414024512,8
-1.0699654213654983,0.8542261882667355,-1.4526190679734936,0.6649099662043687,0.20626057372189446,-0.04968421229407756,-1.1726360494127386,-0.7308597844243602,1.0933933378502672,0.3954279321313003,1.4497128672142907,1.3908988559608266,1.1686868579007776,1
-1.5004654587431,0.8542261882667355,-1.4526190679734936,0.6649099662043687,2.11660383758903,0.15564722312941145,-0.6598636376602469,-0.49851777150838994,1.980205238800376,-1.6880075326094481,-0.13750188687891107,0.9082387173154957,0.30021349381480816,17
-1.5004654587431,0.8542261882667355,0.7740529578991624,0.6649099662043687,0.7569901633052122,0.27884608438350483,-0.07383802422882779,-0.9167333947571363,1.9365915387536488,-0.7496006497303507,0.5291670696632883,1.1149478876129268,1.0134466082121618,2
0.22153469076730595,-0.2268730061216503,0.7740529578991624,0.6649099662043687,-1.704082690145243,2.0446964290255103,0.3656811858447365,2.2895863834832526,-1.1018295645016416,0.8861544672148653,0.29079415787639756,-0.07131844876173132,-0.6037225931959335,5
0.6520347281449074,0.8542261882667355,0.7740529578991624,-1.5039630187955961,0.8602519613520853,-0.04968421229407756,0.5121875892025913,-1.0561386025067183,1.5295303383175336,2.013964574161303,2.294677009808474,0.4591484829453192,2.7328981508428316,13
-1.0699654213654983,-1.307972200510036,-1.4526190679734936,0.6649099662043687,-0.7919368073978709,0.8948403906539718,0.7319471942393735,-0.8237965895907482,-0.5930030639564973,0.6881420056899183,0.5388570254269831,1.1098737671299184,-0.20044312419793447,1
0.6520347281449074,0.8542261882667355,-1.4526190679734936,-1.5039630187955961,0.3955738701411593,-1.0352751023268247,-0.5133572343023921,0.1520398646563266,0.831711137569907,0.003707627810209318,1.273355672315046,-1.0563224567023706,0.6916569156890936,0
1.0825347655225088,0.8542261882667355,0.7740529578991624,-1.5039630187955961,-0.6542544100020411,0.03244836187531804,0.5121875892025913,0.616723890488267,-0.491237763847468,0.5159572565377903,-0.28091323218159336,-0.7108724862507523,-0.18093135963789006,9
-1.0699654213654983,-1.307972200510036,-1.4526190679734936,0.6649099662043687,-0.378889615210383,-0.8299436669033358,0.21917478248688177,0.012634656906744493,0.7590216374920292,0.7656251428083752,0.1260649098935866,-1.0414518352557613,1.1009588706755968,15
-1.5004654587431,0.8542261882667355,-0.33928305503716566,0.6649099662043687,-0.7403059083744359,-1.2816728248350115,-0.8063700410181017,-1.0561386025067183,0.17750563686900714,0.1888062331487474,0.30629808709830886,-0.2393001150519927,0.2484727997114525,8
1.0825347655225088,0.8542261882667355,0.7740529578991624,0.6649099662043687,-0.3616793155359031,0.40204494563759824,1.6109856143865022,0.5237870853218789,-0.09871446342692815,0.4384741194193323,-0.015408444256357132,-0.7300675587006621,0.13512652495343255,7
0.6520347281449074,0.8542261882667355,0.7740529578991624,-1.5039630187955961,-0.03468362172080847,-0.7478110927339402,-1.0261296460548839,-0.8237965895907482,1.1370070378969939,1.4715826143321002,1.6687058674737925,0.4116747886680347,1.9294276671999133,13
0.6520347281449074,0.8542261882667355,-1.4526190679734936,0.6649099662043687,-0.0863145207442435,-0.33714822188696214,-0.36685083094453735,-0.8702649921739423,0.1629677368534319,0.4987387816225773,2.294677009808474,0.5157737327459364,0.40020674534039546,1
1.5130348029001102,0.8542261882667355,-1.4526190679734936,0.6649099662043687,0.843041661677607,0.7716415293998784,-0.6598636376602469,0.24497666982271468,-0.5784651639409215,-0.5085420009173717,-0.3526189048329347,0.7891597946204245,-0.6920160529369133,14
-1.5004654587431,0.8542261882667355,0.7740529578991624,0.6649099662043687,1.5314536486567545,-0.8299436669033358,-1.1726360494127386,-0.9167333947571363,1.8348262386446204,-1.4469488837964692,0.5136631404413771,0.5333679204774122,0.401732805138388,5
-1.0699654213654983,-1.307972200510036,-1.4526190679734936,0.6649099662043687,-1.1533531005619237,0.07351464896001585,-0.1470912259077552,0.663192293071461,0.6863321374141514,-0.7926468370183827,0.013661423034727152,-0.45960712983271956,0.08899955082126183,15
-1.5004654587431,0.8542261882667355,-0.33928305503716566,-1.5039630187955961,0.08578847600054298,-0.29608193480226436,0.21917478248688177,-0.591454576674778,0.5991047373206985,-1.7654906697279056,-0.3797507809712801,-0.07823415949239831,-0.5500016548308965,8
-1.5004654587431,0.8542261882667355,-1.4526190679734936,-1.5039630187955961,0.7397798636307338,0.36097865855290046,0.14592158080795437,-1.1026070050899124,1.1370070378969939,-0.1986094524435412,0.10474700721345796,1.275696024514616,0.8086457498458922,17
0.22153469076730595,-1.307972200510036,-0.33928305503716566,-1.5039630187955961,-0.7575162080489142,1.469768409839741,2.4259274830645694,2.2895863834832526,-1.07275376447049,0.20602470806395923,0.5194771138995936,-0.961736362826366,-0.8141735062904835,12
0.6520347281449074,0.8542261882667355,0.7740529578991624,0.6649099662043687,-0.946829504468179,-0.583545944395149,-0.9528764443759564,-1.1026070050899124,0.14842983683785616,1.2305239655191214,1.4032010795485563,0.9671170117122656,0.7731830269211201,13
-1.5004654587431,0.8542261882667355,-1.4526190679734936,0.6649099662043687,-0.6542544100020411,0.19671351021410924,-0.0005848225499004049,-0.7308597844243602,1.863902038675771,-1.4383396463388627,-1.2072730031908125,0.7439906486090273,0.42636777044883367,17
0.22153469076730595,-0.2268730061216503,-0.33928305503716566,0.6649099662043687,-0.6198338106530844,0.36097865855290046,0.2924279841658092,2.2895863834832526,-0.9128368642991593,1.4715826143321002,-0.3313010021528063,-1.1543637013038945,-0.20438544534274794,12
1.0825347655225088,0.8542261882667355,0.7740529578991624,0.6649099662043687,-0.0174733220463286,1.3465695485856477,1.2447196059918653,1.3137499292361776,-0.4766998638318927,-0.43966810125652017,-0.28091323218159336,-0.32729074199022573,-0.5852463692130985,7
-1.0699654213654983,-1.307972200510036,-1.4526190679734936,0.6649099662043687,-0.03468362172080847,0.03244836187531804,-0.8063700410181017,-0.2197073560092257,-0.723844164096677,0.5676126812834282,-0.06967219653304774,0.5540958714998893,-0.370090105074739,1
0.6520347281449074,0.8542261882667355,0.7740529578991624,0.6649099662043687,-1.6008208920983713,1.059105538992763,-0.1470912259077552,-0.2197073560092257,0.5845668373051227,2.2205862731438573,1.6105661328916239,1.2324949627222868,1.7969148080742534,13
-1.0699654213654983,-1.307972200510036,0.7740529578991624,-1.5039630187955961,0.13741937502397955,1.469768409839741,0.5121875892025913,-0.637922979257972,-0.12779026345807915,-0.21582792735875364,-0.2227734975994248,1.664505580645578,-0.20972665463572,9
-1.5004654587431,0.8542261882667355,0.7740529578991624,0.6649099662043687,2.3575480330317333,0.07351464896001585,0.07266837912902699,-0.9167333947571363,1.4423029382240802,-0.4654958136293397,0.3954456801243011,0.7553195983797434,0.8615128214191952,2
-1.5004654587431,0.8542261882667355,-0.33928305503716566,0.6649099662043687,-0.5509926119551695,-0.583545944395149,-0.7331168393391743,0.059103059489938534,1.9075157387224981,-0.18139097752832878,-0.04641630270018026,-0.4258968175097739,1.4374005539972452,8
1.0825347655225088,0.8542261882667355,0.7740529578991624,-1.5039630187955961,0.5848871665604256,1.469768409839741,-0.36685083094453735,1.3602183318193717,0.09027823677555415,0.25768013280959834,-0.059982240769352976,0.3457189691377612,0.2096672791339354,7
-1.5004654587431,0.8542261882667355,0.7740529578991624,0.6649099662043687,2.099393537914552,0.31991237146820267,0.14592158080795437,-0.6843913818411661,0.39557413710264044,-0.08668936549465764,-1.077427595957303,0.733384823291762,0.27964802129900806,2
0.6520347281449074,0.8542261882667355,0.7740529578991624,0.6649099662043687,-0.3616793155359031,0.6895089552304828,0.21917478248688177,0.1520398646563266,0.7008700374297272,0.5245664939953962,2.294677009808474,0.296981704263621,0.8998823249115714,5
-1.5004654587431,0.8542261882667355,0.7740529578991624,0.6649099662043687,1.7035566454015425,0.07351464896001585,-0.36685083094453735,-0.2197073560092257,1.0788554378346913,-0.8529114992216277,-0.04641630270018026,0.3226004344570467,0.32866360862023525,5
1.5130348029001102,-1.307972200510036,0.7740529578991624,0.6649099662043687,-0.12073512009320171,1.469768409839741,-0.0005848225499004049,0.8025975008210432,-1.5525044649844835,-1.30059184701716,-0.47858832976096655,0.5858726184758131,-1.6482923575430792,11
1.5130348029001102,0.8542261882667355,0.7740529578991624,0.6649099662043687,-0.3616793155359031,0.19671351021410924,0.5854407908815187,0.059103059489938534,-2.0031793654673256,-0.017815465833806682,-0.6878913742567734,-0.25868651500603707,-1.6599739819491395,5
0.22153469076730595,-0.2268730061216503,0.7740529578991624,0.6649099662043687,-2.4785461754967852,1.5519009840091367,2.0505048244600665,2.2895863834832526,-1.98864146545175,0.8344990424692273,-0.49215426783013927,-0.8327036216544873,-1.4627307530586409,4
-0.639465383987897,-1.307972200510036,0.7740529578991624,0.6649099662043687,-0.03468362172080847,-1.8976671311054785,-1.5389020578073755,-0.9167333947571363,-0.3894724637384392,-0.9562223487129041,-0.5754878873979141,-0.8319921417171962,-0.7508238572952572,3
1.5130348029001102,-1.307972200510036,-0.33928305503716566,0.6649099662043687,1.342140352237488,0.9769729648233675,1.39122600934972,-0.3126441611756138,-0.09871446342692815,-0.5946343754934357,-0.7595970469081146,0.3390679621263049,-0.3728333792354156,10
-0.639465383987897,-0.2268730061216503,0.7740529578991624,-1.5039630187955961,-1.4631384947025416,-2.472595150291248,-2.051674469559867,-0.45204936892519587,0.8462490375854828,-1.2919826095595537,-0.24602939143229227,-1.8422936526708735,-0.11109595650119727,11
1.0825347655225088,0.8542261882667355,-1.4526190679734936,0.6649099662043687,0.2923120720942877,-0.008617925209379757,-0.7331168393391743,0.7096606956546551,0.482801537196094,-0.7237729373575317,-0.37199881636032417,-0.32120036673754765,-0.016298575240202826,17
0.6520347281449074,0.8542261882667355,-1.4526190679734936,-1.5039630187955961,0.8602519613520853,0.5663100939763894,-0.6598636376602469,-0.03383374567644955,1.267848138037174,0.003707627810209318,1.5931242125169733,0.8570465597229739,1.0527335643211881,1
-0.639465383987897,-1.307972200510036,0.7740529578991624,-1.5039630187955961,-1.0845119018640088,-2.5547277244606432,-0.5133572343023921,-0.8702649921739423,1.0061659377568135,-1.9721123687104596,-0.5502940024123079,-2.2550574207349943,-0.4522611582452031,3
1.5130348029001102,0.8542261882667355,0.7740529578991624,-1.5039630187955961,-0.6886750093509992,1.8393649936020213,1.757492017744357,1.0349395137370134,-1.6251939650623612,-0.6376805627814677,-0.28091323218159336,-0.01186503282538756,-1.515652326767587,11
-0.639465383987897,-0.2268730061216503,0.7740529578991624,-1.5039630187955961,1.3077197528885314,-1.7334019827666873,-1.5389020578073755,-1.3349490180058827,0.540953137258396,-1.1972809975258838,-1.0929315251792144,-0.04307323019858714,-0.25107560820989167,5
-0.639465383987897,-0.2268730061216503,-1.4526190679734936,0.6649099662043687,1.4970330493077977,-2.1440648536136653,-0.22034442758668257,-1.5672910309218528,-0.27316926361383465,-0.37079420159566917,-0.4727743563027498,-1.3780834855855983,-0.39772268784552733,0
1.0825347655225088,-1.307972200510036,0.7740529578991624,0.6649099662043687,-0.34446901586142475,-0.5014133702257534,1.5377324127075749,0.8025975008210432,0.6863321374141514,-0.26748335210439217,-0.5754878873979141,-1.4951306973382141,0.4070558470528132,9
0.22153469076730595,-0.2268730061216503,0.7740529578991624,0.6649099662043687,-2.220391680379604,1.1823044002468563,0.5121875892025913,1.5460919421521477,-1.8723382653271456,0.7914528551811953,0.06986316646415687,-0.3230371465756569,-1.362501325611936,5
-0.639465383987897,-0.2268730061216503,0.7740529578991624,0.6649099662043687,1.3765609515864463,-2.226197427783061,-2.124927671238795,-0.591454576674778,0.6863321374141514,-1.7740999071855121,-0.6859533831040345,-1.3163676830251285,-0.5054007404967182,5
1.5130348029001102,-1.307972200510036,0.7740529578991624,0.6649099662043687,1.0323549580968718,-0.09075049937877536,1.757492017744357,0.10557146207313257,-1.828724565280419,-0.8270837868488081,-0.2828512233343325,-0.9525692679318307,-1.710769972368024,5
0.6520347281449074,0.8542261882667355,-1.4526190679734936,0.6649099662043687,-0.5165720126062112,-1.1584739635809183,-0.36685083094453735,-0.26617575859241976,0.11935403680670514,1.8245613500939633,1.773357389721696,-0.9833594983759248,1.05481372916488,0
-0.2089653466102955,-1.307972200510036,0.7740529578991624,-1.5039630187955961,1.0151446584223933,-1.1995402506656159,-0.22034442758668257,-1.1490754076731065,-1.46527706489103,-1.1197978604074257,-0.44951846246988225,-0.4085985365027706,-1.539560596936132,1
0.6520347281449074,0.8542261882667355,-1.4526190679734936,0.6649099662043687,-1.6180311917728496,-1.1174076764962204,-0.22034442758668257,0.059103059489938534,1.2823860380527488,1.1444315909430574,0.7946718575885251,-1.1929360779041882,1.8543237242844377,0
-1.0699654213654983,0.8542261882667355,-1.4526190679734936,0.6649099662043687,-0.1551557194421584,0.07351464896001585,-0.1470912259077552,0.1520398646563266,0.42464993713379146,-0.6635082751542867,1.6241320709607963,-0.10833799216555595,-0.02409238063709204,1
-1.5004654587431,0.8542261882667355,0.7740529578991624,0.6649099662043687,1.9272905411697654,-0.5014133702257534,0.14592158080795437,-0.544986174091584,1.0207038377723894,-0.6548990376966801,0.19389460023944993,-0.30092004501986747,0.4172840811750708,2
-1.0699654213654983,0.8542261882667355,0.7740529578991624,0.6649099662043687,-0.6886750093509992,0.23777979729880705,-0.9528764443759564,0.4308502801554908,-0.20047976353595692,-0.8356930243064147,0.5756788573290234,0.24390367491141698,-0.5632093390349486,5
-0.2089653466102955,0.8542261882667355,-1.4526190679734936,-1.5039630187955961,-0.24120721781455318,-1.1995402506656159,-1.3191424527705935,-0.8237965895907482,-1.4216633648443036,-0.27609258956199867,-1.273164702383937,-0.0142511726647871,-1.2577482209068969,1
1.0825347655225088,-1.307972200510036,0.7740529578991624,0.6649099662043687,-0.2584175174890315,0.9359066777386696,0.8052003959183008,0.5237870853218789,-0.21501766355153268,0.9550283668757162,0.013661423034727152,-0.023684748774041087,0.2767594081099509,7
0.6520347281449074,0.8542261882667355,-1.4526190679734936,0.6649099662043687,-1.118932501212967,0.11458093604471364,-0.22034442758668257,-0.12677055084283761,0.8898627376322096,1.6437673634842282,2.294677009808474,0.19780814613175193,1.7815270384444986,1
-0.639465383987897,-1.307972200510036,0.7740529578991624,0.6649099662043687,-1.5147693937259765,-1.1995402506656159,-0.29359762926560995,-1.5208226283386588,0.14842983683785616,-1.989330843625672,0.09699504260250232,0.04137997330521391,-0.9254668672726322,3
-0.2089653466102955,0.8542261882667355,0.7740529578991624,0.6649099662043687,1.135616756143745,-0.8710099539880336,-0.5133572343023921,-0.544986174091584,-1.828724565280419,0.051058433827044274,-0.5774258785506533,-0.37379906210158464,-1.499519694617383,3
-0.639465383987897,-0.2268730061216503,0.7740529578991624,0.6649099662043687,0.5332562675369891,-2.1029985665289677,-0.9528764443759564,-0.9167333947571363,0.2792709369780359,-1.1800625226106707,-0.377812789818541,-1.4564792347840336,-0.4126926077686894,5
1.0825347655225088,-1.307972200510036,0.7740529578991624,-1.5039630187955961,0.843041661677607,-0.17288307354817095,-0.44010403262346476,-0.12677055084283761,-0.22955556356710843,0.9894653167061424,-0.420448595178798,0.014930343636441171,0.27899399567129735,9
0.22153469076730595,-1.307972200510036,0.7740529578991624,0.6649099662043687,-0.1551557194421584,0.03244836187531804,2.4259274830645694,2.010775967984088,-1.959565665420599,1.3854902397560362,-0.7344031619225083,-1.6908751811565816,-1.3130678885841156,5
0.22153469076730595,-1.307972200510036,0.7740529578991624,-1.5039630187955961,-1.3942972960046267,1.2233706873315542,1.8307452194232843,2.2895863834832526,-0.4766998638318927,1.2219147280615155,-1.0406057640552626,-0.9726686278817366,0.1405585711391433,4
-0.639465383987897,-1.307972200510036,0.7740529578991624,0.6649099662043687,0.6537283652583405,-1.1584739635809183,-1.8319148645230852,-0.40558096634200186,0.13389193682228037,-0.04364317820662564,-0.7595970469081146,-0.0617615049465305,0.08905405295690492,3
0.6520347281449074,0.8542261882667355,0.7740529578991624,0.6649099662043687,-1.1533531005619237,0.5252438068916917,-1.0993828477338112,-0.8237965895907482,0.10481613679112939,1.4457549019592812,2.294677009808474,2.279828812120103,0.8414923702598203,5
-0.2089653466102955,0.8542261882667355,-1.4526190679734936,0.6649099662043687,-0.7230956086999559,0.03244836187531804,-1.0261296460548839,-0.591454576674778,-0.694768364065526,-1.1456255727802451,-1.4592118530468765,1.1676933700337937,-1.037777601453443,1
-1.0699654213654983,0.8542261882667355,-1.4526190679734936,0.6649099662043687,-0.03468362172080847,0.03244836187531804,-0.29359762926560995,0.3843818775722968,0.20658143690015815,1.1186038785702384,0.9652150790295526,-0.24996309463790606,0.7716933018802231,15
0.6520347281449074,0.8542261882667355,-1.4526190679734936,0.6649099662043687,-1.0845119018640088,-0.29608193480226436,-1.3923956544495208,0.1520398646563266,1.3405376381150518,1.1186038785702384,0.7733539549083968,0.17430631728161108,1.8940012790322374,1
0.22153469076730595,-0.2268730061216503,0.7740529578991624,0.6649099662043687,-2.7001287838056975,1.9214975677714168,2.4167708328547035,2.2895863834832526,-2.017717265482901,0.051058433827044274,0.49234523776124867,-0.7083527392812378,-1.6572852099241053,5
-0.639465383987897,-1.307972200510036,0.7740529578991624,-1.5039630187955961,-0.6370441103275627,-2.1851311406983633,-2.2714340745966495,-0.26617575859241976,0.8171732375543318,-1.6363521078638097,-0.9785900471676163,-1.4397992881460686,-0.34480111413658165,11
1.5130348029001102,-1.307972200510036,-1.4526190679734936,0.6649099662043687,-0.10352482041872338,0.19671351021410924,-0.1470912259077552,0.24497666982271468,-0.25863136359825944,-1.1542348102378517,0.07955312222785164,-0.05960952179373721,-0.7534944619417442,14
0.6520347281449074,0.8542261882667355,0.7740529578991624,0.6649099662043687,0.08578847600054298,0.07351464896001585,0.3656811858447365,-0.6843913818411661,1.1806207379437206,1.5490657514505584,1.8431250712202982,0.3226004344570467,2.0273135028139877,1
1.0825347655225088,-1.307972200510036,0.7740529578991624,0.6649099662043687,-0.7230956086999559,1.3055032615009499,2.0505048244600665,1.4066867344025658,0.20658143690015815,0.9550283668757162,-1.23052889702368,-0.6356236790247914,0.6840175330098587,7
0.6520347281449074,0.8542261882667355,-1.4526190679734936,0.6649099662043687,-0.5854132113041262,-1.3227391119197094,0.5121875892025913,-0.8702649921739423,1.5295303383175336,0.3696002197584813,1.445836884908813,-1.1344684754784795,1.5357587414535563,0
1.0825347655225088,-1.307972200510036,0.7740529578991624,0.6649099662043687,0.32673267144324436,0.03244836187531804,0.8052003959183008,0.24497666982271468,-0.5493893639097704,-0.5688066631206161,-0.9223883037381867,-0.6068868308259027,-0.6957948676747988,7
1.0825347655225088,-1.307972200510036,-1.4526190679734936,0.6649099662043687,-0.06910422106976516,-0.008617925209379757,0.2924279841658092,0.663192293071461,0.20658143690015815,0.9722468417909292,-0.017346435409095973,-0.6942723932155896,0.693246561312002,17
-0.639465383987897,-1.307972200510036,0.7740529578991624,-1.5039630187955961,1.6519257463781059,-1.4870042602585005,-1.4656488561284482,-0.49851777150838994,0.9334764376789357,-0.9648315861705107,-0.5173481528157456,-0.6683517561401922,0.15458378737783357,11
-1.0699654213654983,0.8542261882667355,-1.4526190679734936,-1.5039630187955961,0.03415757697710643,1.100171826077461,0.2924279841658092,-0.40558096634200186,0.06120243674440262,0.2662893702672043,-0.6084337369944764,1.174046467356195,0.18895646758975412,15
-0.639465383987897,-0.2268730061216503,0.7740529578991624,0.6649099662043687,1.3937712512609246,-2.2672637148677586,-1.9051680662020125,-1.5672910309218528,-0.43308616378516596,-1.7138352449822676,-0.2789752410288545,-0.4155795860786925,-1.1165876895926141,5
-1.5004654587431,0.8542261882667355,-0.33928305503716566,-1.5039630187955961,-0.06910422106976516,-0.29608193480226436,-0.07383802422882779,-0.08030214825964359,0.860786937601058,-2.0668139807441297,-0.8933184364471024,-0.33603589619919955,-0.5906784153988093,8
-1.5004654587431,0.8542261882667355,0.7740529578991624,0.6649099662043687,2.13381413726351,-0.21394936063286876,0.4389343875236639,0.1520398646563266,1.7039851385044407,-0.8012560744759892,-0.9960319675422669,-0.6311094614916328,0.8073922007261133,2
-1.0699654213654983,0.8542261882667355,-1.4526190679734936,-1.5039630187955961,1.118406456469265,0.23777979729880705,0.07266837912902699,-0.17323895342603166,0.9625522377100872,1.1702593033158761,-0.3080451083199388,0.2039773762049139,1.5532539269948245,1
0.6520347281449074,0.8542261882667355,0.7740529578991624,-1.5039630187955961,-1.0328810028405737,-0.21394936063286876,-0.9528764443759564,-0.7308597844243602,1.4132271381929296,1.7901244002635373,0.9729670436405086,0.9655345552363561,2.4434918105807313,13
0.22153469076730595,-0.2268730061216503,0.7740529578991624,0.6649099662043687,-0.602623510978606,1.3876358356703455,0.8784535975972283,2.2895863834832526,-2.017717265482901,-0.21582792735875364,0.50784916698316,-0.6426368384066631,-1.7141672721564116,5
1.5130348029001102,-1.307972200510036,-0.33928305503716566,0.6649099662043687,-0.8091471070723507,0.5252438068916917,0.4389343875236639,0.3379134749891028,-0.7383820641122527,-1.0509239607465746,-0.28091323218159336,-0.092337598909138,-1.0288392512080597,10
-1.5004654587431,0.8542261882667355,-0.33928305503716566,-1.5039630187955961,-0.602623510978606,-1.3227391119197094,0.07266837912902699,-0.9632017973403303,0.570028937289547,0.016621483996619408,0.3237400074729595,-0.8793914258153628,0.4826139744319771,8
0.6520347281449074,0.8542261882667355,0.7740529578991624,-1.5039630187955961,-0.7230956086999559,-1.2406065377503137,-0.29359762926560995,0.10557146207313257,0.2211193369157339,1.7126412631450791,1.798551274707302,-1.3163676830251285,1.105736891233597,0
1.0825347655225088,0.8542261882667355,0.7740529578991624,0.6649099662043687,0.6537283652583405,1.469768409839741,0.9517067992761556,0.7096606956546551,0.06120243674440262,0.33516326992805523,-1.0270398259860902,0.21967006959101676,0.22441919051452633,5
1.5130348029001102,-1.307972200510036,0.7740529578991624,0.6649099662043687,1.135616756143745,1.3876358356703455,1.0982132026340103,-0.2197073560092257,-0.6075409639720725,0.4815203067073643,0.5698648838708068,0.7809146330469153,-0.30025470193804626,11
1.0825347655225088,-1.307972200510036,0.7740529578991624,-1.5039630187955961,0.6881489646072972,1.3876358356703455,1.6842388160654296,1.6390287473185359,0.7008700374297272,-0.6893359875271056,-1.030915808291568,-0.5832587556401503,0.16214141685360514,7
0.6520347281449074,0.8542261882667355,0.7740529578991624,0.6649099662043687,-0.46494111358277623,-1.2406065377503137,-0.22034442758668257,0.19850826723952064,1.267848138037174,0.9808560792485352,1.3043635307588692,-1.38836945267901,1.72700673542337,13
1.0825347655225088,0.8542261882667355,0.7740529578991624,0.6649099662043687,0.6881489646072972,-0.41928079605635776,0.14592158080795437,0.3379134749891028,0.5554910372739718,0.3609909823008754,-0.3971927013459305,-0.8173209347344302,0.672572084524917,7
0.6520347281449074,0.8542261882667355,0.7740529578991624,-1.5039630187955961,0.30952237176876607,-0.7478110927339402,-1.1726360494127386,-0.2197073560092257,0.6863321374141514,0.4901295441649714,1.1202543712486688,-0.14089693193152328,0.8658911596491493,13
0.6520347281449074,0.8542261882667355,-1.4526190679734936,-1.5039630187955961,-0.03468362172080847,0.7716415293998784,-1.3923956544495208,-0.17323895342603166,0.11935403680670514,0.8000620926388013,1.9090167704134227,1.8517101817456703,0.5186580534702702,1
-1.0699654213654983,-1.307972200510036,-1.4526190679734936,0.6649099662043687,-0.4993617129317329,0.23777979729880705,-0.44010403262346476,0.012634656906744493,-0.6220788639876482,0.18019699569114025,1.0427347251391106,0.32612813165352156,-0.43856295482036756,15
0.22153469076730595,-1.307972200510036,0.7740529578991624,0.6649099662043687,-2.426915276473349,-0.04968421229407756,1.2447196059918653,2.2895863834832526,-1.5234286649533324,1.4801918517897075,-0.4611464093863161,-1.611033884845639,-0.8375367551026027,5
-1.0699654213654983,0.8542261882667355,-1.4526190679734936,-1.5039630187955961,0.9290931600500002,0.03244836187531804,0.5121875892025913,0.3843818775722968,-0.1714039635048059,1.0239022665365671,-0.4030066748041476,-0.5798249901723049,0.35202685743235446,15
0.6520347281449074,0.8542261882667355,-1.4526190679734936,0.6649099662043687,-1.4287178953535833,0.36097865855290046,-1.0993828477338112,-0.7308597844243602,0.3083467370091874,0.6020496311138543,2.294677009808474,1.8896058499845554,0.5879121004934428,0
-1.0699654213654983,0.8542261882667355,-1.4526190679734936,0.6649099662043687,0.8774622610265636,0.5252438068916917,0.9517067992761556,0.3379134749891028,0.7154079374453025,0.6795327682323112,1.565992336378628,-0.3026734771893754,1.0075240428056675,1
-1.5004654587431,0.8542261882667355,0.7740529578991624,-1.5039630187955961,-0.8263574067468291,-1.3227391119197094,-0.5866104359813196,-0.8237965895907482,1.9947431388159518,-0.00920622837620077,-0.6743254361876009,-0.655018095093177,1.6442543261393856,2
0.6520347281449074,0.8542261882667355,0.7740529578991624,-1.5039630187955961,-1.2566148986087968,0.40204494563759824,-0.0005848225499004049,-0.8237965895907482,1.5731440383642599,1.7901244002635373,0.881881459461778,1.091242052817031,2.617353623280562,13
0.22153469076730595,-1.307972200510036,0.7740529578991624,0.6649099662043687,-0.34446901586142475,1.1823044002468563,0.5854407908815187,2.2895863834832526,-1.4362012648598792,0.6364865809442792,0.26560027289079097,-0.6946938669891733,-0.9976640296205037,4
-0.639465383987897,-1.307972200510036,0.7740529578991624,-1.5039630187955961,-0.8435677064213074,-2.3083300019524566,-2.124927671238795,-1.0561386025067183,0.29380883699361166,0.003707627810209318,-0.28091323218159336,-1.0021781427172805,0.24632904904284417,3
-1.0699654213654983,0.8542261882667355,-1.4526190679734936,0.6649099662043687,1.118406456469265,0.5663100939763894,0.21917478248688177,0.19850826723952064,-0.665692564034375,-0.31913877685003067,-0.39331671904045284,0.14640511099583875,-0.680207256881021,15
1.5130348029001102,-1.307972200510036,0.7740529578991624,0.6649099662043687,1.7035566454015425,1.3465695485856477,-0.7331168393391743,-0.591454576674778,-0.12779026345807915,-0.4224496263413077,-0.784790931893721,2.5717278782844883,-0.3104466013032089,5
-1.5004654587431,0.8542261882667355,-1.4526190679734936,0.6649099662043687,0.894672560701042,-0.04968421229407756,0.5854407908815187,-1.1026070050899124,1.747598838551167,-0.7323821748151376,-0.5347900731903963,0.4591484829453192,0.8907259661236185,17
1.5130348029001102,0.8542261882667355,-0.33928305503716566,0.6649099662043687,0.2751017724198094,1.7161661323479278,0.14592158080795437,-0.591454576674778,-1.3344359647508501,0.7484066678931633,-0.09292809036591522,2.166717923981403,-0.8691116590182039,10
1.0825347655225088,-1.307972200510036,0.7740529578991624,0.6649099662043687,-0.27562781716350987,0.8127078164845762,-0.22034442758668257,1.1278763189034013,0.4101120371182162,-0.07808012803705172,-1.4030101096174468,-0.09458765421082167,0.29636200956273245,5
-1.5004654587431,0.8542261882667355,-1.4526190679734936,0.6649099662043687,0.6193077659093823,-0.583545944395149,-0.0005848225499004049,-0.40558096634200186,1.035241737787965,-1.214499472441096,0.2869181755709193,-0.4258968175097739,0.060676607665668424,17
-0.2089653466102955,0.8542261882667355,0.7740529578991624,-1.5039630187955961,1.2388785541906164,0.07351464896001585,-0.22034442758668257,-1.613759433505047,-1.7851108652336924,-0.0694708905794446,-1.2402188527873748,2.039540885190579,-1.4928704340689878,3
-0.639465383987897,-1.307972200510036,-1.4526190679734936,0.6649099662043687,0.6193077659093823,-1.8976671311054785,-0.7331168393391743,-0.49851777150838994,0.29380883699361166,-0.8873484490520532,-0.2750992587233766,-1.5474431298213072,-0.24255510767110147,0
-0.639465383987897,-0.2268730061216503,0.7740529578991624,-1.5039630187955961,-1.308245797632232,-1.7334019827666873,-0.44010403262346476,-0.591454576674778,-0.5639272639253458,-1.6277428704062036,-1.3758782334791013,-1.4047334912367104,-1.1557747251196289,11
0.22153469076730595,-1.307972200510036,-1.4526190679734936,-1.5039630187955961,-2.375284377449912,-0.008617925209379757,0.8052003959183008,2.2895863834832526,-0.33132086367613717,0.6623142933170993,-0.28091323218159336,-1.5026237578184036,0.030373420248393408,6
0.6520347281449074,0.8542261882667355,-1.4526190679734936,0.6649099662043687,-1.0500913025150522,0.8127078164845762,-0.0005848225499004049,-0.26617575859241976,1.0933933378502672,0.5590034438258223,2.294677009808474,0.9249547307551133,1.2774186185077254,0
-1.5004654587431,0.8542261882667355,0.7740529578991624,-1.5039630187955961,2.0133420395421586,-0.7888773798186379,-0.8063700410181017,-0.544986174091584,0.6281805373518495,0.2404616578943853,-0.2964171614035052,-0.10262356600254964,0.6645421032069102,2
0.6520347281449074,0.8542261882667355,-1.4526190679734936,-1.5039630187955961,-1.6524517911218064,-0.37821450897166,-0.36685083094453735,-0.3126441611756138,0.744483737476454,1.0497299789093875,1.1280063358596246,-0.08854803208524946,1.2617765055783046,1
-1.5004654587431,0.8542261882667355,0.7740529578991624,-1.5039630187955961,0.37836357046668095,-1.0763413894115226,-0.29359762926560995,-0.03383374567644955,0.7880974375231803,-0.6118528504086481,-0.6394415954382995,-1.0707145865589434,0.273652786378324,5
0.6520347281449074,0.8542261882667355,-1.4526190679734936,0.6649099662043687,-0.03468362172080847,0.03244836187531804,-1.1726360494127386,-0.9167333947571363,0.8753248376166338,2.3411155975503473,2.1764595494913976,1.811145804475878,2.2074975632483578,0
-1.0699654213654983,-1.307972200510036,-1.4526190679734936,-1.5039630187955961,-0.1895763187911166,1.1412381131621587,1.171466404312938,-0.17323895342603166,0.7299458374608783,-0.7151636998999252,0.7365321230063565,0.484281615209764,0.16748262614657783,1
1.0825347655225088,0.8542261882667355,0.7740529578991624,0.6649099662043687,0.7053592642817771,-0.2550156477175666,0.21917478248688177,1.1743447214865954,-0.4476240638007417,1.0152930290789612,-0.6491315512019943,-1.12436296394811,0.07864414504917183,17
0.6520347281449074,0.8542261882667355,-1.4526190679734936,-1.5039630187955961,0.08578847600054298,-1.1995402506656159,-1.245889251091666,-0.8702649921739423,1.4859166382708073,0.003707627810209318,2.294677009808474,-0.0142511726647871,1.2332718886372351,0
1.0825347655225088,0.8542261882667355,0.7740529578991624,0.6649099662043687,-0.39609991488486135,-0.33714822188696214,1.8307452194232843,2.057244370567282,0.860786937601058,-0.026424703291412593,-1.4301419857557922,-1.822016474458071,0.6967165306145799,9
-0.2089653466102955,0.8542261882667355,-1.4526190679734936,0.6649099662043687,0.22347087339637278,-1.1995402506656159,-1.1726360494127386,-0.6843913818411661,-0.694768364065526,-0.8098653119335957,-0.6646354804239062,-0.27044723963189826,-0.9017402708895623,1
1.5130348029001102,0.8542261882667355,-0.33928305503716566,0.6649099662043687,-0.12073512009320171,1.3465695485856477,1.0982132026340103,0.8490659034042372,-0.8837610642680083,-0.7496006497303507,-0.7014573123259461,-0.020335829255255976,-1.0131244687644487,10
1.5130348029001102,0.8542261882667355,-1.4526190679734936,0.6649099662043687,0.17183997437293624,0.11458093604471364,1.9039984211022116,0.570255487905073,-1.72695926517139,-0.7065544624423187,-0.1685097453227342,-1.0482231615554995,-1.6080152793032125,14
-0.2089653466102955,-1.307972200510036,-1.4526190679734936,-1.5039630187955961,-0.0863145207442435,-1.1584739635809183,-1.245889251091666,-1.0561386025067183,-0.7965336641745547,-0.5429789507477972,-0.4030066748041476,0.2827163952580972,-0.8697838520244631,1
0.22153469076730595,-0.2268730061216503,-0.33928305503716566,-1.5039630187955961,-0.39609991488486135,0.5663100939763894,0.4389343875236639,2.1966495783168645,-1.5525044649844835,0.8689359922996522,-0.2712232764178986,-1.0193603832028661,-1.0393944981441727,12
-1.5004654587431,0.8542261882667355,0.7740529578991624,0.6649099662043687,0.3611532707922026,0.03244836187531804,-0.8063700410181017,-1.0096701999235245,0.5118773372272449,0.059667671284651405,-1.0580476844299134,1.5792710533255767,0.4593415625125954,2
0.6520347281449074,0.8542261882667355,0.7740529578991624,0.6649099662043687,-0.03468362172080847,0.9769729648233675,0.2924279841658092,0.1520398646563266,0.23565723693130966,1.2305239655191214,2.294677009808474,0.5253617933846905,0.8609314653056744,13
-1.5004654587431,0.8542261882667355,0.7740529578991624,-1.5039630187955961,-0.03468362172080847,-0.41928079605635776,-1.3923956544495208,-1.1026070050899124,1.5295303383175336,-1.1714532851530641,0.21908848522505625,1.694206310627804,0.41383227925104105,2
1.5130348029001102,-1.307972200510036,-0.33928305503716566,-1.5039630187955961,0.34394297111772426,0.23777979729880705,-0.6598636376602469,0.1520398646563266,-1.2181327646262459,-1.3780749841356177,0.34311991900034905,0.32612813165352156,-1.4602781569547252,10
-1.0699654213654983,0.8542261882667355,0.7740529578991624,0.6649099662043687,0.7053592642817771,1.2233706873315542,1.2447196059918653,0.3379134749891028,-0.09871446342692815,0.025230721454225318,0.2500963436688794,0.14785151054694112,-0.06805743672210664,9
1.5130348029001102,-1.307972200510036,0.7740529578991624,-1.5039630187955961,1.342140352237488,-0.41928079605635776,-0.07383802422882779,-0.49851777150838994,-1.9159519653738721,-1.2747641346443412,-0.9979699586950058,-0.1340228339719113,-1.8744943878383353,10
1.0825347655225088,-1.307972200510036,0.7740529578991624,0.6649099662043687,-0.31004841651246806,0.40204494563759824,-0.8063700410181017,1.4531551369857596,-0.1423281634736549,0.7570159053507693,-0.7983568699628937,-0.4047232294547195,0.2508708936797256,9
-1.0699654213654983,-1.307972200510036,-1.4526190679734936,0.6649099662043687,-0.9296192047937006,0.5663100939763894,-0.8796232426970291,0.663192293071461,0.570028937289547,0.003707627810209318,-0.22471148875216393,0.3324067853793575,0.4750109265098372,1
-0.639465383987897,-1.307972200510036,0.7740529578991624,-1.5039630187955961,0.03415757697710643,-2.5957940115453413,-0.29359762926560995,-1.5208226283386588,1.2969239380683246,-0.7323821748151376,-0.28091323218159336,-2.0569573137507695,0.5657660660440069,11
-1.0699654213654983,-1.307972200510036,0.7740529578991624,0.6649099662043687,0.2751017724198094,-0.008617925209379757,-0.44010403262346476,0.4773186827386849,0.10481613679112939,-0.9045669239672656,-0.03672634693648549,-0.2888829701264909,-0.3835521325784566,5
0.22153469076730595,-1.307972200510036,-0.33928305503716566,0.6649099662043687,-1.5836105924238915,1.7161661323479278,0.2924279841658092,1.68549714990173,-0.5348514638941947,0.17158775823353437,-0.344866940221979,0.059013059751062726,-0.3678010153777508,12
-1.5004654587431,0.8542261882667355,-0.33928305503716566,0.6649099662043687,2.0649729385655955,-0.8299436669033358,-1.3923956544495208,-0.3126441611756138,1.5440682383331095,-0.6204620878662547,0.4400194766372966,-0.01500236483644999,0.8256867509234727,8
-0.2089653466102955,0.8542261882667355,0.7740529578991624,-1.5039630187955961,1.0839858571203083,-0.5424796573104511,0.21917478248688177,-1.0096701999235245,-1.3198980647352747,0.2318524204367794,-0.7537830734498978,0.018937863283224773,-1.0179206567009957,5
-0.639465383987897,-0.2268730061216503,0.7740529578991624,0.6649099662043687,-0.6370441103275627,-2.5957940115453413,-2.2714340745966495,-0.3591125637588078,0.3083467370091874,-2.049595505828917,-1.4204520299920975,-2.0025021938444727,-0.8725271261851391,5
1.0825347655225088,-1.307972200510036,-1.4526190679734936,0.6649099662043687,-0.0174733220463286,0.11458093604471364,0.4389343875236639,1.0814079163202073,-0.33132086367613717,-0.9303946363400852,0.056297228394984154,-0.858944675812232,-0.6989559915420688,17
-1.0699654213654983,-1.307972200510036,0.7740529578991624,0.6649099662043687,-0.7575162080489142,0.27884608438350483,0.6586939925604461,0.663192293071461,0.8462490375854828,0.3609909823008754,0.8469976187124766,-0.5852727911549438,0.928368774474094,5
-0.2089653466102955,-1.307972200510036,0.7740529578991624,-1.5039630187955961,0.08578847600054298,-0.37821450897166,-0.7331168393391743,-1.1955438102563005,-1.407125464828728,0.1543692833183213,-0.9805280383203553,1.2026801454289895,-1.1164060158071385,5
-0.2089653466102955,0.8542261882667355,0.7740529578991624,0.6649099662043687,1.342140352237488,-0.7067448056492424,-1.4656488561284482,-1.1955438102563005,0.13389193682228037,-0.9303946363400852,-0.6375036042855607,1.4739959802826843,-0.37688470465151463,5
0.22153469076730595,-1.307972200510036,0.7740529578991624,-1.5039630187955961,-1.1533531005619237,0.6895089552304828,2.4259274830645694,2.2895863834832526,-0.8110715641901305,-0.4310588637989136,-0.28091323218159336,-1.395745707997154,-0.8372097422887473,5
-1.0699654213654983,0.8542261882667355,-1.4526190679734936,0.6649099662043687,-0.05189392139528681,-0.33714822188696214,-1.0261296460548839,-0.26617575859241976,0.570028937289547,-0.4827142885445522,1.5117285841019374,0.31236200293854266,0.18862945477589876,15
0.22153469076730595,-1.307972200510036,-0.33928305503716566,0.6649099662043687,-1.3254560973067118,-0.09075049937877536,0.14592158080795437,2.2895863834832526,-0.781995764158979,0.09410462111507627,-0.46696038284453295,-1.420268970880097,-0.608845793946336,12
0.6520347281449074,0.8542261882667355,0.7740529578991624,0.6649099662043687,-0.17236601911663826,-1.1174076764962204,0.2924279841658092,-0.45204936892519587,0.01758873669767638,2.031183049076516,1.6628918940155755,-1.085391709085943,1.0487458247300059,13
1.5130348029001102,-1.307972200510036,0.7740529578991624,0.6649099662043687,1.135616756143745,1.3055032615009499,0.9517067992761556,0.7561290982378491,-0.5057756638630437,-0.2502648771891797,-0.009594470798140055,0.062254435935961076,-0.525512028548831,5
-0.2089653466102955,0.8542261882667355,0.7740529578991624,-1.5039630187955961,0.894672560701042,-0.2550156477175666,-1.0261296460548839,-1.1955438102563005,0.0030508366821006185,-0.026424703291412593,-1.4863437291852217,1.7012587227674099,-0.009649314691808037,3
0.6520347281449074,0.8542261882667355,0.7740529578991624,0.6649099662043687,-0.5337823122806912,0.6895089552304828,0.5121875892025913,-0.08030214825964359,1.500454538286382,1.7556874504331113,2.294677009808474,0.33453003546744686,2.5133998832316133,13
1.5130348029001102,0.8542261882667355,0.7740529578991624,0.6649099662043687,0.5160459678625108,1.3055032615009499,0.4389343875236639,0.663192293071461,-0.7965336641745547,0.6020496311138543,0.4516474235537302,0.3436416204911386,-0.42277550286256677,5
-1.0699654213654983,0.8542261882667355,0.7740529578991624,-1.5039630187955961,-0.9984604034916156,1.2233706873315542,-0.7331168393391743,0.2914450724059087,-0.6366167640032235,-0.18139097752832878,-0.28091323218159336,1.250530357451123,-0.6005251345715688,9
0.22153469076730595,-1.307972200510036,0.7740529578991624,0.6649099662043687,-0.9812501038171373,-0.09075049937877536,2.343517631175776,1.6390287473185359,-1.959565665420599,-0.36218496413806267,0.2578483082798353,-1.649065515218927,-1.7003055623246488,4
-0.2089653466102955,0.8542261882667355,0.7740529578991624,0.6649099662043687,-0.6714647096765209,0.03244836187531804,0.14592158080795437,-1.2884806154226887,-0.5784651639409215,0.003707627810209318,-0.28091323218159336,1.1050251631128225,-0.4758242482213449,5
-1.5004654587431,0.8542261882667355,0.7740529578991624,0.6649099662043687,1.9789214401932005,-1.1995402506656159,-0.07383802422882779,-1.1026070050899124,0.3374225370403384,-2.092641693116949,-0.463084400539055,-0.5366412018952864,-0.8810112919668343,2
-0.639465383987897,-1.307972200510036,0.7740529578991624,0.6649099662043687,-0.31004841651246806,-1.404871686089105,-0.7331168393391743,-1.0561386025067183,-0.18594186352038167,-1.9635031312528533,0.06404919300594007,-0.46402240982512244,-1.0931881060233994,3
1.0825347655225088,0.8542261882667355,-1.4526190679734936,0.6649099662043687,-0.4133102145593397,-0.29608193480226436,0.8784535975972283,2.010775967984088,0.07574033675997838,1.0497299789093875,-0.8022328522683716,-1.6150416904782674,0.6065881656402999,17
-1.5004654587431,0.8542261882667355,-0.33928305503716566,0.6649099662043687,1.3077197528885314,0.23777979729880705,-0.9528764443759564,-0.40558096634200186,0.2501951369468849,-1.2919826095595537,-0.27703724987611567,1.1232216887769846,-0.492465566970879,8
-0.639465383987897,-1.307972200510036,0.7740529578991624,0.6649099662043687,-1.48034879437702,-1.1584739635809183,-1.3923956544495208,-0.9632017973403303,0.36649833707148943,-1.7482721948126931,-0.9689000914039214,0.2827163952580972,-0.6732128161402233,5
-0.2089653466102955,-1.307972200510036,-1.4526190679734936,0.6649099662043687,0.3611532707922026,-0.8710099539880336,-0.5133572343023921,-1.1955438102563005,-1.8432624652959944,0.5245664939953962,-1.5464214549201294,0.29491516220228065,-1.398745245814252,1
-0.639465383987897,-1.307972200510036,-1.4526190679734936,0.6649099662043687,-1.5491899930749349,-1.5691368344278962,-1.8319148645230852,-0.6843913818411661,0.45372573716494297,-0.28470182701960517,-0.39525471019319164,-0.3620755717915904,0.21379127406422405,0
-0.639465383987897,-1.307972200510036,0.7740529578991624,0.6649099662043687,-0.8607780060957858,-1.8566008440207808,-2.051674469559867,-0.3126441611756138,1.0933933378502672,-0.06086165312183868,0.023351378798421914,-1.0283606044096014,0.8653824730498184,5
1.0825347655225088,0.8542261882667355,0.7740529578991624,0.6649099662043687,0.1546296746984579,0.03244836187531804,1.6842388160654296,2.057244370567282,0.23565723693130966,-0.7926468370183827,-1.4185140388393584,-1.5745809259218078,-0.23201802811353564,7
-0.639465383987897,-1.307972200510036,0.7740529578991624,0.6649099662043687,-1.4631384947025416,-1.7334019827666873,-0.36685083094453735,-0.6843913818411661,-0.33132086367613717,-1.5760874456605651,-0.7944808876574158,-1.3759553544628238,-0.9946300774030671,3
0.6520347281449074,0.8542261882667355,-1.4526190679734936,-1.5039630187955961,-1.0500913025150522,-0.09075049937877536,-1.5389020578073755,-0.8237965895907482,0.3374225370403384,0.3696002197584813,1.9555285580791577,1.8728871728203411,0.4855025876210336,0
-0.639465383987897,-1.307972200510036,-1.4526190679734936,-1.5039630187955961,-0.9984604034916156,-1.6512694085972919,-0.7331168393391743,-0.6843913818411661,1.4859166382708073,0.025230721454225318,-0.3002931437089829,-1.1161676405728715,1.248804997295371,0
0.6520347281449074,0.8542261882667355,0.7740529578991624,0.6649099662043687,0.4644150688390742,-1.0352751023268247,0.2924279841658092,-0.2197073560092257,0.8171732375543318,1.6782043133146543,2.294677009808474,-1.1370425208682908,1.7255533451395688,5
-1.0699654213654983,0.8542261882667355,-1.4526190679734936,0.6649099662043687,-1.1017222015384887,0.6073763810610873,1.024960000955083,-0.3591125637588078,-0.6075409639720725,-0.31913877685003067,-0.28091323218159336,0.2205196479940124,-0.634788810512204,1
-0.639465383987897,-0.2268730061216503,0.7740529578991624,0.6649099662043687,0.997934358747915,-2.472595150291248,-1.3923956544495208,-0.40558096634200186,0.9044006376477848,0.1974154706063533,-1.1026214809429091,-2.1038300751891015,0.87528369435822,5
-1.0699654213654983,0.8542261882667355,0.7740529578991624,0.6649099662043687,0.8602519613520853,-0.583545944395149,0.6586939925604461,-0.08030214825964359,-0.6802304640499502,-0.3880126765108816,-0.28091323218159336,-0.9146735996929455,-0.7196123009506064,9
-1.5004654587431,0.8542261882667355,0.7740529578991624,-1.5039630187955961,0.7225695639562555,0.23777979729880705,0.2924279841658092,-0.26617575859241976,0.9770901377256626,-0.23304640227396667,-0.28091323218159336,0.16481157842615415,0.6586377051789641,5
-1.5004654587431,0.8542261882667355,-0.33928305503716566,0.6649099662043687,2.495230430427563,-1.3638053990044072,-1.3191424527705935,-0.7308597844243602,0.29380883699361166,-2.247607967353864,-1.0968075074846924,-0.357659188455634,-0.9888710184035003,8
0.22153469076730595,-1.307972200510036,-1.4526190679734936,0.6649099662043687,-0.6370441103275627,0.9769729648233675,2.4259274830645694,2.2895863834832526,-0.5348514638941947,-0.5171512383749777,0.4555234058592085,-1.23584752819739,-0.6628392429895852,6
-1.0699654213654983,-1.307972200510036,0.7740529578991624,0.6649099662043687,-0.03468362172080847,-0.6656785185645445,-0.5866104359813196,0.570255487905073,-0.7674578641434038,0.7484066678931633,-0.6375036042855607,-0.9116009779438468,-0.33842436426639977,9
0.6520347281449074,0.8542261882667355,0.7740529578991624,0.6649099662043687,-0.378889615210383,-0.7067448056492424,-1.245889251091666,-0.591454576674778,0.744483737476454,0.6020496311138543,2.294677009808474,0.3555695136130618,0.9868677333971307,5
-1.0699654213654983,0.8542261882667355,-1.4526190679734936,0.6649099662043687,0.17183997437293624,1.3055032615009499,0.9517067992761556,0.1520398646563266,0.5118773372272449,-0.8701299741368401,-0.3971927013459305,0.48192041759865145,-0.0802295803489496,15
-0.2089653466102955,-1.307972200510036,0.7740529578991624,0.6649099662043687,-0.03468362172080847,-0.13181678646347317,-0.8063700410181017,-1.2420122128394946,-0.5493893639097704,0.003707627810209318,-0.4708363651500109,1.726489712782398,-0.4517524716458719,3
-1.0699654213654983,0.8542261882667355,0.7740529578991624,0.6649099662043687,-0.2928381168379882,1.264436974416252,0.8784535975972283,0.663192293071461,0.5845668373051227,-0.5774159005782227,-0.28091323218159336,0.11933677653949185,0.14368336024931774,9
0.22153469076730595,-0.2268730061216503,0.7740529578991624,-1.5039630187955961,-0.8779883057702641,2.2500278644489993,2.4259274830645694,1.824902357651312,-0.8546852642368568,-0.026424703291412593,0.5718028750235457,-0.3389926493145151,-0.7160151599981961,4
0.6520347281449074,0.8542261882667355,-1.4526190679734936,-1.5039630187955961,-1.2566148986087968,-1.2816728248350115,-0.1470912259077552,-0.08030214825964359,0.6427184373674247,1.9881368617884843,0.7384701141590954,-1.3079791273372976,1.7244633024267164,1
-1.0699654213654983,-1.307972200510036,-1.4526190679734936,0.6649099662043687,-1.1705634002364036,0.03244836187531804,1.2447196059918653,0.059103059489938534,-0.781995764158979,0.9464191294181103,-0.11618398419878243,-0.6597115437817264,-0.2743116853721778,1
-1.5004654587431,0.8542261882667355,-1.4526190679734936,0.6649099662043687,-0.7747265077233926,-0.09075049937877536,-0.22034442758668257,0.19850826723952064,1.6458335384421376,-2.049595505828917,-0.9960319675422669,-0.26834192472973795,-0.16385402380321565,17
-0.2089653466102955,-1.307972200510036,0.7740529578991624,0.6649099662043687,0.32673267144324436,-1.0763413894115226,-1.245889251091666,-1.2884806154226887,-0.8546852642368568,0.6278773434866733,-0.3002931437089829,0.7600704482835914,-0.4661047006984178,3
-1.0699654213654983,0.8542261882667355,0.7740529578991624,0.6649099662043687,0.05136787665158477,1.0180392519080652,-0.5866104359813196,-0.544986174091584,-0.781995764158979,-0.5860251380358292,1.2132779465801387,1.9510229674751622,-0.8757972543236939,9
1.0825347655225088,0.8542261882667355,0.7740529578991624,-1.5039630187955961,0.08578847600054298,0.48417751980699386,1.171466404312938,-0.08030214825964359,0.540953137258396,-0.8615207366792336,-0.40106868365140846,-0.15957892098259774,-0.05481341776095984,5
0.6520347281449074,0.8542261882667355,0.7740529578991624,0.6649099662043687,-0.2928381168379882,-0.6246122314798468,-1.1726360494127386,-1.0561386025067183,0.4101120371182162,1.3682717648408231,2.294677009808474,1.0469845209081678,1.114330061286577,13
-1.5004654587431,0.8542261882667355,0.7740529578991624,0.6649099662043687,0.17183997437293624,0.48417751980699386,0.5854407908815187,-0.9167333947571363,1.151544937912569,-0.1986094524435412,-1.2130869766490295,0.866422807534657,0.8202547047377619,5
-1.5004654587431,0.8542261882667355,0.7740529578991624,-1.5039630187955961,0.9463034597244785,-0.13181678646347317,-1.0261296460548839,-1.1026070050899124,0.8171732375543318,-1.6793982951518416,-1.0444817463607408,1.726489712782398,-0.3716888343869212,5
1.5130348029001102,-1.307972200510036,-0.33928305503716566,0.6649099662043687,1.583084547680191,0.6895089552304828,0.3656811858447365,0.8025975008210432,-1.5815802650156348,-1.2489364222715216,-1.110373445553865,-0.22461991990115343,-1.6525798588802958,10
0.6520347281449074,0.8542261882667355,0.7740529578991624,-1.5039630187955961,0.5160459678625108,-0.2550156477175666,0.14592158080795437,0.1520398646563266,0.10481613679112939,2.1000569487373673,2.1842115141023535,-0.5526346263393107,1.1825304003539923,5
-0.639465383987897,-1.307972200510036,-1.4526190679734936,0.6649099662043687,-0.8435677064213074,-2.226197427783061,-1.9051680662020125,-0.8237965895907482,-0.1132523634425039,-1.5416504958301396,-1.319676490049672,-1.2340799462778347,-0.8472381352469823,0
1.0825347655225088,-1.307972200510036,-1.4526190679734936,0.6649099662043687,0.08578847600054298,1.3465695485856477,0.07266837912902699,1.7784339550681179,0.17750563686900714,-0.6893359875271056,-1.2615367554675034,-0.18012057835017178,-0.2185014984741756,17
-0.2089653466102955,0.8542261882667355,0.7740529578991624,-1.5039630187955961,0.7569901633052122,0.15564722312941145,0.14592158080795437,-1.4743542257554647,-1.5670423650000591,-0.09529860295226476,-0.6975813300204681,1.5337802897674915,-1.3218427324225717,5
-1.5004654587431,0.8542261882667355,-1.4526190679734936,-1.5039630187955961,1.118406456469265,-1.0352751023268247,0.2924279841658092,0.1520398646563266,0.4682636371805182,-0.5774159005782227,0.28498018441818046,-1.3315259503206824,0.05720663836308986,17
-1.0699654213654983,-1.307972200510036,0.7740529578991624,-1.5039630187955961,1.06677555744583,0.443111232722296,-0.0005848225499004049,-0.45204936892519587,-0.4185482637695902,0.2662893702672043,1.5601783629204113,0.7234350284064918,-0.22651331241363495,9
1.5130348029001102,-1.307972200510036,0.7740529578991624,0.6649099662043687,-0.5337823122806912,-0.09075049937877536,-0.22034442758668257,0.3379134749891028,-1.1309053645327927,0.29211708264002323,-0.9553341533347489,-0.36672272110366055,-0.8345936397779038,5
-1.0699654213654983,0.8542261882667355,-1.4526190679734936,0.6649099662043687,-0.6542544100020411,-0.17288307354817095,0.7319471942393735,-0.3126441611756138,0.9044006376477848,1.0755576912822062,-0.24602939143229227,-0.4130727546400659,1.4349116231362353,1
0.6520347281449074,0.8542261882667355,-1.4526190679734936,-1.5039630187955961,-0.03468362172080847,0.23777979729880705,0.21917478248688177,-0.591454576674778,0.744483737476454,0.8603267548420463,1.4109530441595115,0.5007491428790222,1.1454689481170384,0
1.5130348029001102,0.8542261882667355,0.7740529578991624,-1.5039630187955961,1.118406456469265,0.7716415293998784,1.024960000955083,1.0349395137370134,-0.6802304640499502,-0.07808012803705172,-0.4340145332479707,-0.524851725711127,-0.5933853548023906,11
-0.2089653466102955,-1.307972200510036,0.7740529578991624,-1.5039630187955961,-0.4133102145593397,-0.8299436669033358,0.07266837912902699,-0.9167333947571363,-0.3167829636605614,-0.8356930243064147,-1.362312295409929,-0.32470694642848347,-0.6453258900697696,5
-1.5004654587431,0.8542261882667355,0.7740529578991624,0.6649099662043687,1.4281918506098827,0.648442668145785,-1.0261296460548839,-0.2197073560092257,1.1806207379437206,-0.43966810125652017,-0.7247132061588135,1.44260921780316,0.6801842161363311,5
-0.639465383987897,-0.2268730061216503,0.7740529578991624,0.6649099662043687,-0.39609991488486135,-1.2406065377503137,-1.612155259486303,-0.8237965895907482,-0.4476240638007417,0.09410462111507627,-0.43013855094249276,0.15375800184815983,-0.32763294140916915,11
0.6520347281449074,0.8542261882667355,-1.4526190679734936,0.6649099662043687,-0.8607780060957858,0.5252438068916917,-1.3191424527705935,0.19850826723952064,1.558606138348685,1.7384689755178993,1.3411853626609094,1.015560598668334,2.5637235218082632,0
1.0825347655225088,-1.307972200510036,0.7740529578991624,0.6649099662043687,0.05136787665158477,0.5663100939763894,-0.5866104359813196,0.059103059489938534,-0.5203135638786195,0.7570159053507693,-0.8196747726430224,0.7140822212143385,-0.10339298799704613,7
-0.2089653466102955,0.8542261882667355,0.7740529578991624,0.6649099662043687,1.2388785541906164,0.03244836187531804,0.5121875892025913,-0.45204936892519587,-0.7965336641745547,-0.32774801430763717,-1.3022345696750213,-0.003720036258206391,-0.7857597262421517,16
1.5130348029001102,0.8542261882667355,0.7740529578991624,0.6649099662043687,1.1700373554927015,0.31991237146820267,-0.22034442758668257,-0.03383374567644955,-1.5961181650312102,-1.1370163353226386,-1.0638616578881301,0.32778923178972585,-1.6312695238440469,5
1.5130348029001102,0.8542261882667355,0.7740529578991624,-1.5039630187955961,-0.00026302237185025536,-0.33714822188696214,1.2447196059918653,-0.03383374567644955,-1.7705729652181166,0.42125564450411923,0.38769371551334514,-0.9229921610136766,-1.3587951803882405,11
0.6520347281449074,0.8542261882667355,-1.4526190679734936,0.6649099662043687,-0.8435677064213074,-0.7888773798186379,-0.5133572343023921,-0.40558096634200186,1.1079312378658428,1.1788685407734834,2.294677009808474,-0.3953780140458052,1.7039704994251061,0
0.6520347281449074,0.8542261882667355,-1.4526190679734936,0.6649099662043687,-0.7058853090254776,-0.17288307354817095,0.5854407908815187,-0.8702649921739423,1.1806207379437206,1.7729059253483241,2.205529416782482,0.09666704643230199,2.1789384441716466,1
-0.639465383987897,-1.307972200510036,-1.4526190679734936,0.6649099662043687,0.20626057372189446,-0.994208815242127,-0.5866104359813196,-1.4743542257554647,1.398689238177354,-0.8959576865096597,-0.5037822147465729,0.5406331820779726,0.5231635633500565,0
-1.0699654213654983,-1.307972200510036,0.7740529578991624,0.6649099662043687,-1.118932501212967,0.03244836187531804,0.9517067992761556,-0.49851777150838994,-0.491237763847468,-0.2416556397315732,0.17645267986479926,-0.18283523599704413,-0.5102695979474557,9
0.6520347281449074,0.8542261882667355,-1.4526190679734936,0.6649099662043687,-1.5147693937259765,-0.9120762410727313,-0.5133572343023921,-0.08030214825964359,0.1629677368534319,0.4901295441649714,1.517542557560154,-0.7785585464267458,0.3956467333249672,1
-0.2089653466102955,0.8542261882667355,0.7740529578991624,-1.5039630187955961,1.0495652577713501,-0.33714822188696214,0.3656811858447365,-1.5208226283386588,-1.5379665649689078,-0.8270837868488081,-1.0037839321532227,0.7397841187363566,-1.505115247210021,5
-1.0699654213654983,0.8542261882667355,0.7740529578991624,0.6649099662043687,-0.05189392139528681,0.7716415293998784,1.171466404312938,-0.40558096634200186,0.17750563686900714,0.003707627810209318,-0.04447831154744142,0.3358834521902641,0.15004194274095212,5
0.22153469076730595,-1.307972200510036,0.7740529578991624,-1.5039630187955961,-2.4785461754967852,1.9214975677714168,0.2924279841658092,2.2895863834832526,-1.058215864454915,0.8775452297572593,-0.24215340912681432,-0.12833848373607876,-0.5650624116467962,5
0.22153469076730595,-1.307972200510036,0.7740529578991624,0.6649099662043687,-2.4957564751712638,1.3465695485856477,1.4644792110286473,1.731965552484924,-1.2035948646106704,0.9636376043333233,-0.07161018768578659,-0.5893254235932487,-0.6753383994302835,5
-0.639465383987897,-1.307972200510036,0.7740529578991624,0.6649099662043687,-1.6008208920983713,-1.0763413894115226,-0.8063700410181017,-0.6843913818411661,0.773559537507605,-0.7840375995607761,-0.09486608151865407,-0.3350102299648135,0.15645502736822897,3
0.22153469076730595,-1.307972200510036,-0.33928305503716566,0.6649099662043687,-0.7575162080489142,0.31991237146820267,1.5377324127075749,1.731965552484924,-1.9159519653738721,-0.0694708905794446,-0.7169612415478577,-1.2640027596404873,-1.5998036241997302,12
-0.2089653466102955,-1.307972200510036,0.7740529578991624,-1.5039630187955961,0.8602519613520853,-1.1995402506656159,-0.1470912259077552,-0.9632017973403303,0.13389193682228037,-0.5515881882054037,-0.9204503125854476,-0.616921920673134,-0.17784290528481125,16
1.5130348029001102,0.8542261882667355,-1.4526190679734936,0.6649099662043687,-0.5165720126062112,0.8127078164845762,1.4644792110286473,0.616723890488267,-1.247208564657397,-0.03503394074901973,0.5911827865509351,-0.4214885458983117,-1.0420651027906593,14
1.5130348029001102,-1.307972200510036,0.7740529578991624,-1.5039630187955961,1.0151446584223933,1.7161661323479278,0.3656811858447365,-0.3591125637588078,-1.4943528649221813,-0.4999327634597652,0.4593993881646862,1.6993987459393822,-1.3796876657178965,5
-1.0699654213654983,-1.307972200510036,0.7740529578991624,0.6649099662043687,-0.03468362172080847,0.23777979729880705,-0.6598636376602469,0.012634656906744493,0.9480143376945115,0.7139697180627373,0.3082360782510482,0.45575750478265575,1.2450806846931277,5
-0.639465383987897,-1.307972200510036,0.7740529578991624,0.6649099662043687,0.7053592642817771,-1.3638053990044072,-0.29359762926560995,-1.3349490180058827,1.4713787382552317,-1.3952934590508306,-1.0154118790696565,-0.40564259659224494,0.21453613658467222,3
-1.0699654213654983,-1.307972200510036,0.7740529578991624,0.6649099662043687,1.2216682545161381,0.6895089552304828,1.3179728076707926,0.1520398646563266,-0.09871446342692815,0.9464191294181103,0.023351378798421914,-0.19584014278659292,0.3848734778462831,5
-0.2089653466102955,-1.307972200510036,0.7740529578991624,0.6649099662043687,-0.27562781716350987,0.03244836187531804,-0.29359762926560995,-0.8702649921739423,-0.12779026345807915,0.5159572565377903,-1.5638633752947797,0.925973143338619,0.14698982314496764,3
-1.0699654213654983,0.8542261882667355,0.7740529578991624,0.6649099662043687,0.2751017724198094,0.5663100939763894,0.14592158080795437,0.012634656906744493,-0.8256094642057058,0.1457600458607154,1.0097888755425488,0.3324067853793575,-0.6255779495886078,5
-0.2089653466102955,0.8542261882667355,0.7740529578991624,0.6649099662043687,-0.3272587161869464,0.11458093604471364,0.07266837912902699,-0.6843913818411661,-0.665692564034375,-0.7323821748151376,-1.4572738618941374,0.5510330525142574,-0.8493818859155903,5
-1.5004654587431,0.8542261882667355,0.7740529578991624,0.6649099662043687,-0.0174733220463286,0.648442668145785,-1.245889251091666,-0.49851777150838994,0.2211193369157339,0.003707627810209318,-0.3157970729308947,2.0522214390096454,0.18614960760416163,17
0.22153469076730595,-1.307972200510036,-1.4526190679734936,0.6649099662043687,-0.8091471070723507,1.3055032615009499,1.3179728076707926,1.68549714990173,-0.43308616378516596,0.4384741194193323,0.34311991900034905,-0.5543116861914973,-0.16280031584745897,6
1.0825347655225088,0.8542261882667355,0.7740529578991624,0.6649099662043687,0.37836357046668095,1.264436974416252,1.3179728076707926,1.3602183318193717,0.01758873669767638,-0.4913235260021587,-0.06967219653304774,-0.4299043371565575,-0.23410727664650088,7
0.22153469076730595,-1.307972200510036,-1.4526190679734936,0.6649099662043687,-0.24120721781455318,2.2089615773643017,0.8784535975972283,2.15018117573367,-0.5930030639564973,0.12854157094550236,0.32180201632022065,-0.05960952179373721,-0.4354381657101928,6
0.6520347281449074,0.8542261882667355,-1.4526190679734936,0.6649099662043687,0.5332562675369891,-1.0763413894115226,0.2924279841658092,-0.7308597844243602,1.5295303383175336,2.1344938985677935,1.6221940798080574,-0.8616196641585065,2.820646589227386,0
0.6520347281449074,0.8542261882667355,-1.4526190679734936,0.6649099662043687,-1.1705634002364036,-0.6246122314798468,0.14592158080795437,0.059103059489938534,0.9916280377412383,2.3927710222959853,2.294677009808474,-0.8450833725633565,2.376817531311308,0
0.6520347281449074,0.8542261882667355,0.7740529578991624,0.6649099662043687,-0.39609991488486135,1.059105538992763,-0.5866104359813196,-1.1026070050899124,0.6136426373362737,1.9623091494156653,2.294677009808474,2.946137080484674,1.6766467620896257,5
1.5130348029001102,0.8542261882667355,-1.4526190679734936,0.6649099662043687,-0.6370441103275627,0.443111232722296,-0.22034442758668257,0.059103059489938534,-1.305360164719699,-0.3363572517652437,-0.19757961261381848,0.3705309202943881,-1.1852603805022648,14
-1.0699654213654983,0.8542261882667355,-1.4526190679734936,0.6649099662043687,-1.1533531005619237,1.2233706873315542,-1.0993828477338112,-0.544986174091584,-0.5930030639564973,0.7914528551811953,1.314053486522564,2.7337318600057228,-0.15705942422644034,1
-0.2089653466102955,-1.307972200510036,0.7740529578991624,0.6649099662043687,-0.31004841651246806,-0.8299436669033358,0.21917478248688177,-0.6843913818411661,-1.639731865077937,0.2318524204367794,-0.3564948871384126,-0.5887708528385336,-1.2933017807244067,16
0.6520347281449074,0.8542261882667355,0.7740529578991624,0.6649099662043687,0.6881489646072972,-0.04968421229407756,-0.1470912259077552,0.10557146207313257,0.482801537196094,2.0828384738221555,1.847001053525776,-0.19394757290667206,1.6005617807325843,5
0.22153469076730595,-1.307972200510036,0.7740529578991624,-1.5039630187955961,-2.082709282983774,0.31991237146820267,1.39122600934972,2.2895863834832526,-1.668807665109088,1.1960870156886951,-0.6181236927581711,-1.4151129671218803,-1.063993128697524,5
-1.0699654213654983,0.8542261882667355,-1.4526190679734936,0.6649099662043687,0.5676768668859473,1.1412381131621587,0.5121875892025913,0.3843818775722968,0.26473303696246064,-0.31052953939242417,-0.07161018768578659,0.37626408228087965,0.05117506868531148,15
1.0825347655225088,0.8542261882667355,0.7740529578991624,0.6649099662043687,0.1546296746984579,0.5252438068916917,0.5121875892025913,0.24497666982271468,0.8171732375543318,1.0411207414517802,-0.6685114627293838,-0.06026958385320708,1.3276150854345419,7
1.0825347655225088,0.8542261882667355,0.7740529578991624,-1.5039630187955961,0.2578914727453295,1.059105538992763,0.7319471942393735,1.2208131240697895,0.0030508366821006185,1.1186038785702384,-0.28091323218159336,-0.3133779966577679,0.5702534085452465,9
1.5130348029001102,-1.307972200510036,-0.33928305503716566,0.6649099662043687,-0.5682029116296479,-0.008617925209379757,1.2447196059918653,-0.591454576674778,-0.12779026345807915,0.003707627810209318,-0.259595329501465,-0.2888829701264909,-0.10271171130151385,10
-1.0699654213654983,-1.307972200510036,0.7740529578991624,0.6649099662043687,0.12020907534949968,-0.04968421229407756,0.5854407908815187,-0.17323895342603166,0.802635337538756,-0.4913235260021587,0.6047487246201075,-0.3278028456150757,0.35942098050119803,5
1.0825347655225088,0.8542261882667355,0.7740529578991624,0.6649099662043687,-0.03468362172080847,-0.21394936063286876,0.21917478248688177,0.663192293071461,-0.24409346358268366,-0.31913877685003067,-1.3506843484934952,-0.8425495859479706,-0.3509235207070984,9
1.0825347655225088,-1.307972200510036,0.7740529578991624,0.6649099662043687,-0.4993617129317329,1.3465695485856477,1.171466404312938,1.68549714990173,-0.09871446342692815,0.8689359922996522,-0.5677359227869585,-0.4849510221161535,0.3467764850321192,9
-0.639465383987897,-1.307972200510036,0.7740529578991624,0.6649099662043687,1.4454021502843613,-1.9387334181901763,-1.4656488561284482,-0.9167333947571363,0.7299458374608783,-1.7999276195583316,-0.4107586394151032,-0.9423883421363095,-0.4963533859800504,5
-0.639465383987897,-0.2268730061216503,0.7740529578991624,0.6649099662043687,-0.7403059083744359,-1.9387334181901763,-1.7586616628441578,-1.613759433505047,0.9189385376633605,-1.6363521078638097,-1.112311436706604,0.23167036453333037,-0.2847760954155534,3
1.5130348029001102,-1.307972200510036,0.7740529578991624,0.6649099662043687,1.6347154467036276,0.648442668145785,1.5377324127075749,0.3379134749891028,-1.7996487652492679,-0.8443022617640212,-0.14912983379534467,-0.4203456606657102,-1.6944193316752498,5
1.5130348029001102,0.8542261882667355,0.7740529578991624,0.6649099662043687,-0.00026302237185025536,1.059105538992763,0.8052003959183008,-0.08030214825964359,-0.7383820641122527,0.17158775823353437,-1.2169629589545075,0.5234016726137137,-0.5412631457495362,11
0.22153469076730595,-1.307972200510036,-1.4526190679734936,-1.5039630187955961,-0.03468362172080847,1.5108346969244388,0.07266837912902699,2.2895863834832526,-0.6220788639876482,1.4371456645016754,0.29079415787639756,-0.33127340776055436,0.08396718696359767,6
1.0825347655225088,-1.307972200510036,0.7740529578991624,0.6649099662043687,0.5676768668859473,0.7716415293998784,0.3656811858447365,0.8025975008210432,0.03212663671325162,-0.5429789507477972,-0.22471148875216393,-0.1576415295254493,-0.24949504627625665,9
0.6520347281449074,0.8542261882667355,-1.4526190679734936,-1.5039630187955961,-0.05189392139528681,0.03244836187531804,0.4389343875236639,-1.0561386025067183,0.32288463702476267,0.33516326992805523,2.294677009808474,0.6036795077450531,0.4536551730272192,0
0.6520347281449074,0.8542261882667355,-1.4526190679734936,0.6649099662043687,-1.2394045989343185,-0.7478110927339402,0.21917478248688177,0.1520398646563266,0.8898627376322096,0.003707627810209318,2.097001912229101,-1.0411042804545358,0.7398004688400396,0
1.0825347655225088,-1.307972200510036,0.7740529578991624,-1.5039630187955961,0.3611532707922026,0.7305752423151807,-0.29359762926560995,0.8490659034042372,0.20658143690015815,-0.8012560744759892,-0.6161857016054323,0.05464122013638966,-0.257343353808788,5
-0.639465383987897,-0.2268730061216503,0.7740529578991624,-1.5039630187955961,-0.5682029116296479,-1.3638053990044072,-1.3923956544495208,-0.7308597844243602,0.8898627376322096,-2.1098601680321614,-1.1782031358997282,-0.30834290787078306,-0.6026870526187242,3
0.6520347281449074,0.8542261882667355,0.7740529578991624,0.6649099662043687,0.48162536851355253,-1.1584739635809183,-0.5133572343023921,-0.9632017973403303,0.17750563686900714,0.003707627810209318,2.069870036090755,-0.35391364815804993,0.15004194274095212,13
-0.639465383987897,-0.2268730061216503,-1.4526190679734936,0.6649099662043687,0.41278416981563915,-1.0763413894115226,-0.8796232426970291,-1.5208226283386588,-0.43308616378516596,-1.9548938937952467,-0.7944808876574158,0.7600704482835914,-1.2234118754520713,0
0.6520347281449074,0.8542261882667355,-1.4526190679734936,-1.5039630187955961,-1.5319796934004564,-0.29608193480226436,0.2924279841658092,-1.0561386025067183,0.4682636371805182,0.6967512431475242,2.294677009808474,0.31349055732183234,0.7885526291723274,0
-1.5004654587431,0.8542261882667355,-1.4526190679734936,0.6649099662043687,0.12020907534949968,-0.13181678646347317,0.21917478248688177,-0.12677055084283761,0.36649833707148943,-1.4813858336268946,-0.9785900471676163,-0.2746972211166329,-0.5239678013722909,17
0.22153469076730595,-0.2268730061216503,0.7740529578991624,-1.5039630187955961,-1.0673016021895305,1.8804312806867192,1.39122600934972,2.2895863834832526,-0.9419126643303103,0.11132309603028931,0.5446709988852002,-0.477032768202735,-0.7369803148420421,4
0.6520347281449074,0.8542261882667355,0.7740529578991624,0.6649099662043687,-0.34446901586142475,-0.8710099539880336,-0.44010403262346476,-0.40558096634200186,1.5440682383331095,2.1344938985677935,2.294677009808474,-0.5274787285565102,2.837178903705636,13
-1.0699654213654983,-1.307972200510036,0.7740529578991624,0.6649099662043687,0.6193077659093823,-0.7888773798186379,-0.9528764443759564,0.10557146207313257,0.9916280377412383,-0.10390784040987068,0.49234523776124867,-0.5783495440728398,0.7541072794462168,5
1.0825347655225088,0.8542261882667355,0.7740529578991624,0.6649099662043687,-0.5854132113041262,-0.33714822188696214,-0.5133572343023921,0.012634656906744493,-0.5057756638630437,0.11993233348789523,-0.6413795865910387,-0.23634113821690153,-0.3653665866523824,9
1.5130348029001102,0.8542261882667355,-1.4526190679734936,0.6649099662043687,1.7035566454015425,1.469768409839741,0.5121875892025913,0.3379134749891028,0.13389193682228037,-0.7237729373575317,-0.8080468257265885,0.6973016434933509,-0.2683164504514947,14
1.0825347655225088,0.8542261882667355,0.7740529578991624,0.6649099662043687,0.5332562675369891,-0.008617925209379757,1.2447196059918653,0.24497666982271468,0.17750563686900714,-0.31913877685003067,-0.8196747726430224,-0.7939362380946374,-0.021639784533175832,7
1.5130348029001102,0.8542261882667355,-1.4526190679734936,0.6649099662043687,-0.0863145207442435,0.40204494563759824,0.14592158080795437,0.8490659034042372,-1.9741035654361745,-0.6462898002390737,-0.025098400020051894,-0.4047232294547195,-1.773919780199227,14
1.5130348029001102,0.8542261882667355,0.7740529578991624,0.6649099662043687,0.32673267144324436,1.67509984526323,-0.5133572343023921,0.616723890488267,-1.7705729652181166,-0.9476131112552976,-0.7188992327005967,1.2145263794989292,-1.6996515366969378,5
0.6520347281449074,0.8542261882667355,-1.4526190679734936,0.6649099662043687,-0.7747265077233926,0.40204494563759824,-1.0993828477338112,-0.8702649921739423,0.860786937601058,0.4556925943345453,2.178397540644137,2.1870608897226544,1.0009111170143679,1
0.6520347281449074,0.8542261882667355,0.7740529578991624,0.6649099662043687,-0.03468362172080847,-0.09075049937877536,-0.07383802422882779,-0.7773281870075541,0.3519604370559137,0.003707627810209318,0.9497111498076413,0.5087558264036058,0.29447260219378957,13
1.0825347655225088,0.8542261882667355,0.7740529578991624,0.6649099662043687,-0.8263574067468291,0.03244836187531804,0.3656811858447365,1.0814079163202073,0.6136426373362737,0.3609909823008754,-0.10649402843508766,-0.9003574583582558,0.7237314225147525,9
1.5130348029001102,-1.307972200510036,0.7740529578991624,0.6649099662043687,0.20626057372189446,-0.5014133702257534,-0.36685083094453735,0.616723890488267,-1.2181327646262459,-0.00920622837620077,-0.7227752150060747,-0.8655739947573465,-1.0096544994618715,5
1.0825347655225088,0.8542261882667355,0.7740529578991624,0.6649099662043687,0.602097466234904,1.264436974416252,1.5377324127075749,0.012634656906744493,-0.4476240638007417,1.1874777782310892,-0.751845082297159,0.2766714705670063,0.15458378737783357,7
1.0825347655225088,-1.307972200510036,0.7740529578991624,0.6649099662043687,0.670938664932819,1.1412381131621587,-0.1470912259077552,-0.17323895342603166,0.3374225370403384,-0.4654958136293397,-0.9495201798765319,1.2671413588131646,0.022034593495078376,17
0.6520347281449074,0.8542261882667355,-1.4526190679734936,0.6649099662043687,-1.6008208920983713,0.27884608438350483,-0.8796232426970291,-0.40558096634200186,1.2533102380215984,1.1960870156886951,0.9845949905569421,1.1149478876129268,1.860972984832832,1
