crop_type,region,disease_severity,fertilizer_used,soil_ph,nitrogen,phosphorus,potassium,temperature,humidity,rainfall,npk_ratio,heat_humidity_index,disease_label,KMeans_Cluster,DBSCAN_Cluster
0.6520347281449074,0.8542261882667355,0.7740529578991624,-1.503963018795596,-0.9640398041426588,0.1145809360447136,-1.4656488561284482,-1.0561386025067183,1.6022198383954114,1.25635167789194,2.257855177906434,2.5717278782844883,2.254732747471928,5,2,0
-0.639465383987897,-0.2268730061216503,0.7740529578991624,-1.503963018795596,-1.2221942992598387,-1.3227391119197094,-0.9528764443759564,-0.8702649921739423,1.4713787382552317,-1.3952934590508306,-0.4688983739972718,-0.3947450314554413,0.2145361365846722,5,0,0
0.6520347281449074,0.8542261882667355,0.7740529578991624,-1.503963018795596,-1.0673016021895303,0.032448361875318,-0.5866104359813196,-0.1732389534260316,0.3955741371026404,0.9119821795876842,1.2307198669547894,0.3661999867813723,0.8423280696730071,13,2,0
1.0825347655225088,-1.307972200510036,0.7740529578991624,-1.503963018795596,0.1890502740474146,-0.2550156477175666,1.8307452194232845,0.1520398646563266,0.0321266367132516,1.0411207414517802,-0.1239359488097383,-1.12436296394811,0.559461985688015,7,1,0
-1.5004654587431,0.8542261882667355,-0.3392830550371656,0.6649099662043687,-0.6542544100020411,-0.1728830735481709,0.2924279841658092,-1.1490754076731065,0.4973394372116692,-1.7827091446431187,-0.8836284806834077,0.5623761670133689,-0.6180748222484793,8,0,0
0.2215346907673059,-1.307972200510036,0.7740529578991624,0.6649099662043687,-2.5818079735436568,1.9214975677714168,2.4259274830645694,1.964307565400894,-0.3022450636449862,0.1285415709455023,0.5640509104125897,-0.5875536138038185,-0.1894518601766809,4,1,0
-0.2089653466102955,0.8542261882667355,0.7740529578991624,-1.503963018795596,1.3249300525630097,-0.5424796573104511,0.2924279841658092,-1.613759433505047,-1.6251939650623612,0.3609909823008754,-1.0502957198189575,0.6390487981013453,-1.2459030900939092,3,0,0
-1.0699654213654983,-1.307972200510036,-1.4526190679734936,0.6649099662043687,0.3611532707922026,0.8948403906539718,0.7319471942393735,0.5237870853218789,0.1048161367911293,-0.8959576865096597,-0.2809132321815933,-0.0270859951603074,-0.3790647900772173,15,1,0
-1.0699654213654983,-1.307972200510036,0.7740529578991624,0.6649099662043687,-0.8263574067468291,0.8537741035692741,-0.2935976292656099,0.0126346569067444,-0.7093062640811012,1.1186038785702384,0.0698631664641568,0.8730453514987333,-0.1347862181271721,15,1,0
1.5130348029001102,-1.307972200510036,0.7740529578991624,0.6649099662043687,0.4644150688390742,1.1412381131621587,-0.5133572343023921,0.3379134749891028,-0.2586313635982594,0.5590034438258223,0.3780037597496504,0.976922326137761,0.0491039875308937,11,1,0
-0.639465383987897,-0.2268730061216503,0.7740529578991624,-1.503963018795596,-0.0346836217208084,0.032448361875318,-1.9051680662020123,-1.2420122128394946,-0.1859418635203816,0.0037076278102093,-1.4204520299920975,3.6117534399516695,-0.1508552644524599,11,0,0
-0.639465383987897,-1.307972200510036,0.7740529578991624,-1.503963018795596,-1.6524517911218064,-2.3493962890371543,-0.1470912259077552,-1.3814174205890766,1.500454538286382,-2.0065493185408854,0.0446692814785505,-1.8347804245330768,-0.2097266546357206,5,0,0
-1.0699654213654983,-1.307972200510036,-1.4526190679734936,-1.503963018795596,-1.015670703166094,0.032448361875318,0.4389343875236639,0.5237870853218789,-0.1423281634736549,0.0037076278102093,1.6338220267244912,-0.6335121901786365,-0.1147475995892503,1,1,0
-1.5004654587431,0.8542261882667355,-0.3392830550371656,0.6649099662043687,0.9290931600500002,-0.37821450897166,-1.1726360494127386,-1.0096701999235245,0.9334764376789356,0.1629785207759272,-0.6491315512019943,1.35082830589258,0.8780814706545391,8,0,0
1.5130348029001102,0.8542261882667355,-0.3392830550371656,0.6649099662043687,1.3765609515864463,0.0735146489600158,-0.1470912259077552,0.1985082672395206,-1.2617464646729724,-0.9906592985433296,-0.1723857276282121,-0.1432012343527057,-1.3625558277475784,10,1,0
1.0825347655225088,0.8542261882667355,-1.4526190679734936,0.6649099662043687,-0.5854132113041262,-0.0086179252093797,-0.5866104359813196,0.2449766698227146,0.5264152372428207,0.8861544672148653,-0.7770389672827653,-0.0452595187508303,0.95285840075616,17,2,0
-0.639465383987897,-0.2268730061216503,-1.4526190679734936,0.6649099662043687,0.1374193750239795,-1.0763413894115226,-1.3923956544495208,-0.6843913818411661,0.9770901377256626,-1.6793982951518416,-0.6898293654095125,0.0565975684571107,-0.2783630107882765,0,0,0
-1.5004654587431,0.8542261882667355,-1.4526190679734936,0.6649099662043687,0.5676768668859473,0.032448361875318,-1.245889251091666,-1.0096701999235245,1.0061659377568135,-1.7568814322702997,0.3838177332078669,2.063480092492381,-0.3119181589655587,17,0,0
-1.0699654213654983,-1.307972200510036,-1.4526190679734936,0.6649099662043687,1.118406456469265,-0.8299436669033358,-0.2203444275866825,-0.7773281870075541,-0.0841765634113529,1.0066837916213554,1.0485486985973278,-0.2835147114384103,0.4286568601458225,1,0,0
1.5130348029001102,-1.307972200510036,0.7740529578991624,0.6649099662043687,0.2062605737218944,-0.37821450897166,0.7319471942393735,0.8955343059874312,-1.8868761653427213,0.4384741194193323,-0.4979682412883561,-1.2401305151563122,-1.458134406286117,5,1,0
-1.0699654213654983,0.8542261882667355,0.7740529578991624,-1.503963018795596,-0.4993617129317329,0.648442668145785,1.2447196059918653,0.0591030594899385,-0.4476240638007417,-0.3880126765108816,0.4574613970119473,-0.1412988022737775,-0.5402639399294226,5,0,0
-1.5004654587431,0.8542261882667355,0.7740529578991624,-1.503963018795596,2.2887068343338184,-0.0907504993787753,0.5121875892025913,0.0591030594899385,1.0061659377568135,-0.4827142885445522,-0.3661848429021074,-0.4899125878675286,0.5189123967699355,5,0,0
0.6520347281449074,0.8542261882667355,-1.4526190679734936,0.6649099662043687,-0.9984604034916156,1.059105538992763,-0.6598636376602469,0.0591030594899385,0.6717942373985762,1.1788685407734834,2.294677009808474,1.2844235117453895,1.26849843564089,0,2,0
-1.5004654587431,0.8542261882667355,-1.4526190679734936,0.6649099662043687,2.030552339216637,-1.2816728248350115,0.2924279841658092,-0.3126441611756138,1.8202883386290447,-1.1628440476954576,0.6338185919111918,-1.332983476022178,0.6115841947408698,17,0,0
0.6520347281449074,0.8542261882667355,0.7740529578991624,0.6649099662043687,0.2234708733963727,-0.8710099539880336,-1.0993828477338112,-0.9167333947571364,0.0466645367288273,0.9722468417909292,1.732659575514178,0.4116747886680347,0.5383696591943365,5,2,0
1.5130348029001102,0.8542261882667355,-0.3392830550371656,0.6649099662043687,0.7397798636307338,0.1556472231294114,0.8784535975972283,-0.4055809663420018,-0.9273747643147344,-1.1456255727802451,-0.7789769584355042,-0.0988832143322179,-1.191546293479709,10,1,0
1.5130348029001102,0.8542261882667355,-1.4526190679734936,0.6649099662043687,0.9118828603755202,-0.4603470831410555,0.8052003959183008,0.0126346569067444,-0.3749345637228639,-0.8012560744759892,-0.2828512233343325,-0.9063237066911572,-0.6708328895504974,14,1,0
-0.2089653466102955,0.8542261882667355,0.7740529578991624,0.6649099662043687,0.825831362003127,-0.7478110927339402,0.0726683791290269,-0.6843913818411661,-1.8868761653427213,0.6020496311138543,-1.556111410683824,-0.4244747944093024,-1.420164585121786,3,0,0
-1.5004654587431,0.8542261882667355,-1.4526190679734936,0.6649099662043687,-0.4477308139082963,-0.0086179252093797,-0.6598636376602469,-0.0338337456764495,1.1951586379592964,-1.0681424356617877,-0.4514564536226214,0.2335260802460592,0.2642420842907058,17,0,0
-1.0699654213654983,-1.307972200510036,0.7740529578991624,0.6649099662043687,0.774200462979692,-0.1728830735481709,1.3179728076707926,0.1985082672395206,-0.3894724637384392,1.0325115039941744,0.5039731846776823,-0.9278930188460452,0.1430656693787019,9,1,0
1.5130348029001102,0.8542261882667355,0.7740529578991624,0.6649099662043687,1.737977244750499,1.8804312806867192,1.3179728076707926,0.663192293071461,-0.1859418635203816,0.1715877582335343,-0.3332389933055451,0.4116747886680347,-0.0704373633118325,11,1,0
1.0825347655225088,-1.307972200510036,-1.4526190679734936,-1.503963018795596,-0.8091471070723507,0.9769729648233676,-0.0738380242288277,0.4773186827386849,-0.1568660634892306,0.4815203067073643,-1.0037839321532227,0.4489170833165941,0.1041148097728043,17,1,0
-0.2089653466102955,-1.307972200510036,0.7740529578991624,0.6649099662043687,-0.1895763187911166,-1.2406065377503137,-0.9528764443759564,-0.544986174091584,-1.1745190645795192,-1.0595331982041811,-0.2906031879452881,-0.5893254235932487,-1.32603939686705,5,0,0
1.0825347655225088,0.8542261882667355,0.7740529578991624,0.6649099662043687,-0.6542544100020411,0.032448361875318,1.8307452194232845,0.663192293071461,0.4246499371337914,0.7570159053507693,-1.06386165788813,-1.1269931655793022,0.7822667161948835,7,1,0
-0.2089653466102955,-1.307972200510036,0.7740529578991624,-1.503963018795596,0.2578914727453295,0.1967135102141092,-0.0005848225499004,-1.0561386025067183,-1.8141866652648435,-0.5343697132901907,-0.8584345956978013,1.1316924852068528,-1.6294527859892942,16,0,0
-0.639465383987897,-0.2268730061216503,0.7740529578991624,0.6649099662043687,0.3955738701411593,-1.0763413894115226,-1.9051680662020123,-0.591454576674778,-0.2586313635982594,-1.886019994134396,-0.587115834314348,0.3481438154440215,-1.096312895133574,3,0,0
-0.639465383987897,-0.2268730061216503,0.7740529578991624,0.6649099662043687,-0.4993617129317329,-1.1174076764962204,-1.026129646054884,-0.591454576674778,1.514992438301958,-0.9906592985433296,-0.751845082297159,-0.3443437926977243,0.5355173807623751,3,0,0
1.5130348029001102,0.8542261882667355,-0.3392830550371656,0.6649099662043687,-0.8263574067468291,-0.4603470831410555,0.8784535975972283,0.0126346569067444,0.1048161367911293,0.4384741194193323,-0.094866081518654,-0.9315515023539618,0.3164732976148448,10,1,0
1.0825347655225088,-1.307972200510036,0.7740529578991624,0.6649099662043687,-0.0346836217208084,-0.5424796573104511,0.7319471942393735,1.0814079163202073,0.2792709369780359,-0.4138403888837011,-1.3332424281188446,-1.4397992881460686,0.0060836351303496,9,1,0
1.5130348029001102,-1.307972200510036,0.7740529578991624,-1.503963018795596,1.4970330493077977,0.648442668145785,0.1459215808079543,-0.4985177715083899,-1.1163674645172168,0.4901295441649714,-0.5173481528157456,0.8965846659288713,-0.7538396421341463,11,1,0
0.6520347281449074,0.8542261882667355,-1.4526190679734936,-1.503963018795596,0.774200462979692,0.0735146489600158,-0.5133572343023921,-0.3591125637588078,0.0175887366976763,1.6265488885690151,1.9981643634394144,0.5525478162517161,0.8429639279221703,0,2,0
0.6520347281449074,0.8542261882667355,0.7740529578991624,-1.503963018795596,-0.378889615210383,0.0735146489600158,-1.1726360494127386,-0.1267705508428376,1.3114618380839005,1.8417798250091757,1.4342089379923797,0.7553195983797434,2.368823884750395,1,2,0
-0.639465383987897,-0.2268730061216503,-1.4526190679734936,0.6649099662043687,0.1718399743729362,-2.472595150291248,-1.3923956544495208,-0.4520493689251958,1.064317537819116,0.0037076278102093,-1.2363428704818968,-2.080694160889412,0.8842311282928771,0,0,0
1.0825347655225088,0.8542261882667355,-1.4526190679734936,0.6649099662043687,-0.4649411135827762,-0.1728830735481709,1.9772516227811392,0.2449766698227146,-0.4040103637540149,0.7397974304355562,-0.8196747726430224,-1.142320239833011,-0.002091685216037,17,1,0
1.0825347655225088,0.8542261882667355,0.7740529578991624,0.6649099662043687,0.1718399743729362,0.8948403906539718,-0.6598636376602469,0.2914450724059087,-0.4621619638163169,-0.7582098871879572,-0.2944791702507661,0.8686090960869002,-0.7139622462223254,9,1,0
1.5130348029001102,-1.307972200510036,-1.4526190679734936,0.6649099662043687,-0.5337823122806912,1.6340335581785324,0.6586939925604461,0.1055714620731325,-0.7093062640811012,-0.0005969909185936,-0.5541699847177858,0.9608408284010318,-0.5858822274622618,14,1,0
0.6520347281449074,0.8542261882667355,-1.4526190679734936,0.6649099662043687,-1.5147693937259763,-1.0763413894115226,-1.3191424527705935,-0.9632017973403304,0.5264152372428207,0.8431082799268333,2.2849870540447794,0.3481438154440215,0.9277874183605728,1,2,0
1.5130348029001102,-1.307972200510036,-1.4526190679734936,-1.503963018795596,1.3937712512609246,0.9769729648233676,0.5121875892025913,0.5237870853218789,-1.4216633648443036,0.4901295441649714,-0.78672892304646,0.1351879931971288,-1.0281488908232537,14,1,0
0.2215346907673059,-1.307972200510036,-0.3392830550371656,0.6649099662043687,-1.927816585913466,1.3465695485856477,2.4259274830645694,2.2895863834832526,-1.3489738647664258,1.3854902397560362,0.4942832289139875,-1.030264154169122,-0.685094281710306,12,1,0
-0.2089653466102955,0.8542261882667355,-1.4526190679734936,-1.503963018795596,1.3937712512609246,-0.6656785185645445,0.2191747824868817,-1.2884806154226889,-0.1859418635203816,0.0037076278102093,-1.073551613651825,0.148253680178223,-0.1508552644524599,1,0,0
0.6520347281449074,0.8542261882667355,0.7740529578991624,0.6649099662043687,0.3439429711177242,0.3609786585529004,-1.4656488561284482,-1.0561386025067183,0.482801537196094,1.4027087146712494,0.8838194506145168,2.976737832587573,1.2087459275980743,5,2,0
-0.2089653466102955,0.8542261882667355,0.7740529578991624,-1.503963018795596,1.0839858571203085,0.1967135102141092,-0.5866104359813196,-1.2884806154226889,-0.1277902634580791,-0.4999327634597652,-0.5890538254670868,2.054532068094633,-0.3482165813035168,16,0,0
-1.0699654213654983,-1.307972200510036,-1.4526190679734936,0.6649099662043687,-0.378889615210383,0.648442668145785,1.171466404312938,-0.544986174091584,-0.491237763847468,-0.0350339407490197,-0.4282005597897539,0.333835037690865,-0.4204500784084833,15,1,0
-1.5004654587431,0.8542261882667355,-1.4526190679734936,0.6649099662043687,-0.4821514132572546,0.2788460843835048,-0.1470912259077552,-0.4520493689251958,1.4132271381929296,-1.2058902349834897,-0.986342011778572,0.6390487981013453,0.3128943240409826,17,0,0
-0.2089653466102955,0.8542261882667355,0.7740529578991624,-1.503963018795596,0.5848871665604256,-0.6246122314798468,0.5854407908815187,-0.8702649921739423,-1.7705729652181166,0.6967512431475242,-1.3913821627010132,-0.3983451199381355,-1.2901951589927796,5,0,0
1.0825347655225088,0.8542261882667355,0.7740529578991624,0.6649099662043687,-0.4821514132572546,0.032448361875318,1.024960000955083,0.4773186827386849,0.6136426373362737,0.6192681060290673,-1.4127000653811417,-0.8085078726420233,0.877427445026829,9,1,0
1.5130348029001102,-1.307972200510036,-0.3392830550371656,0.6649099662043687,1.583084547680191,0.443111232722296,0.8784535975972283,0.9884711111538194,-1.4362012648598792,-1.2317179473563091,-0.99021799408405,-0.6992096574204272,-1.55353131103918,10,1,0
-0.2089653466102955,0.8542261882667355,0.7740529578991624,0.6649099662043687,0.8086210623286487,-0.8710099539880336,0.2924279841658092,-0.3126441611756138,-1.8578003653115704,-0.0522524156642327,-0.7576590557553757,-0.9175886510959368,-1.5482082691247547,16,0,0
1.5130348029001102,0.8542261882667355,-0.3392830550371656,0.6649099662043687,1.0839858571203085,1.4287021227550432,1.2447196059918653,1.0814079163202073,-1.0872916644860655,-1.1886717600682772,0.0446692814785505,-0.1467062821171711,-1.312250356549477,10,1,0
1.0825347655225088,-1.307972200510036,0.7740529578991624,-1.503963018795596,0.0513678766515847,1.2233706873315542,-0.7331168393391743,0.3843818775722968,0.6281805373518495,0.3437725073856623,-0.5561079758705246,1.1522644193936762,0.7262385207543112,7,1,0
-1.0699654213654983,0.8542261882667355,0.7740529578991624,-1.503963018795596,-0.6370441103275627,1.1823044002468563,0.8784535975972283,0.1520398646563266,1.0933933378502672,1.0841669287398124,0.9942849463206368,0.4116747886680347,1.626504797298452,9,2,0
0.6520347281449074,0.8542261882667355,0.7740529578991624,0.6649099662043687,0.2923120720942877,0.648442668145785,-1.1726360494127386,0.0591030594899385,1.0933933378502672,1.600721176196196,0.8586255656289102,1.2099552783088978,1.969868251846708,5,2,0
-0.639465383987897,-0.2268730061216503,0.7740529578991624,0.6649099662043687,0.602097466234904,-1.199540250665616,-1.8319148645230847,-0.9632017973403304,0.3664983370714894,-0.5860251380358292,-0.8991324099053193,0.6241390269909648,-0.0232748486024533,3,0,0
0.6520347281449074,0.8542261882667355,-1.4526190679734936,0.6649099662043687,0.843041661677607,0.648442668145785,-0.9528764443759564,-1.0561386025067183,1.0061659377568135,0.6881420056899183,1.7384735489723946,2.72384429304621,1.2823783128512003,1,2,0
1.5130348029001102,0.8542261882667355,0.7740529578991624,0.6649099662043687,-0.4821514132572546,0.6895089552304828,1.0982132026340103,0.7561290982378491,-1.4507391648754546,-0.5085420009173717,-0.7033953034786852,-0.4648684940748741,-1.3493118087864315,11,1,0
-1.0699654213654983,-1.307972200510036,0.7740529578991624,0.6649099662043687,-0.5509926119551695,-0.1728830735481709,0.2191747824868817,0.1985082672395206,0.8898627376322096,-0.3363572517652437,0.0524212460895062,-0.5357169173040942,0.5237994215992204,5,0,0
-1.5004654587431,0.8542261882667355,-0.3392830550371656,0.6649099662043687,2.25428623498486,-0.8299436669033358,0.2191747824868817,0.1985082672395206,1.9511294387692244,0.2318524204367794,-0.6084337369944764,-1.1420476091262566,1.798477202629341,8,0,0
-0.2089653466102955,-1.307972200510036,0.7740529578991624,-1.503963018795596,0.3267326714432443,-0.583545944395149,-1.4656488561284482,-1.3814174205890766,-1.1890569645950946,-1.0767516731193936,-0.5018442235938341,2.079084191178982,-1.3415725055251853,5,0,0
-0.2089653466102955,0.8542261882667355,0.7740529578991624,0.6649099662043687,0.2062605737218944,-0.2550156477175666,-0.6598636376602469,-0.3126441611756138,-1.72695926517139,-0.3277480143076371,-1.0386677729025238,0.221780011558896,-1.5112921559161805,5,0,0
0.2215346907673059,-1.307972200510036,-0.3392830550371656,-1.503963018795596,-0.602623510978606,1.264436974416252,1.5377324127075749,2.2431179809000583,-0.3894724637384392,-0.1900002149859346,-0.2809132321815933,-0.8647202188325969,-0.4064248621697927,12,1,0
-1.0699654213654983,-1.307972200510036,0.7740529578991624,-1.503963018795596,0.9463034597244784,0.7305752423151807,-0.3668508309445373,-0.2197073560092257,0.0030508366821006,0.6795327682323112,0.2326544232942289,1.0351952681449488,0.3478846951235183,5,0,0
1.0825347655225088,-1.307972200510036,0.7740529578991624,0.6649099662043687,-0.7058853090254776,0.3199123714682026,-0.0005848225499004,1.0349395137370134,0.1920435368845829,0.4126464070465133,-1.3875061803955353,-0.5260226765918214,0.3804043027235916,7,1,0
1.5130348029001102,0.8542261882667355,-1.4526190679734936,0.6649099662043687,0.8602519613520853,1.469768409839741,1.3179728076707926,0.570255487905073,-1.2908222647041236,0.7139697180627373,0.5233530962050719,0.1594058146982296,-0.8392626560646176,14,1,0
0.2215346907673059,-0.2268730061216503,-0.3392830550371656,-1.503963018795596,-0.6886750093509992,1.3465695485856477,0.8784535975972283,1.68549714990173,-1.33443596475085,1.2907886277223664,-0.2537813560432482,-0.3966031416400578,-0.6997190214410648,12,1,0
0.6520347281449074,0.8542261882667355,0.7740529578991624,0.6649099662043687,0.2234708733963727,-0.37821450897166,-0.1470912259077552,-0.2661757585924197,1.4423029382240802,1.0152930290789612,1.7094036816813103,-0.2428867536399815,1.920816329768385,13,2,0
-0.2089653466102955,-1.307972200510036,0.7740529578991624,0.6649099662043687,1.5486639483312328,-0.8710099539880336,0.2924279841658092,-0.544986174091584,-1.0291400644237638,0.0037076278102093,-0.2809132321815933,-0.7665359874863945,-0.848936785141176,16,0,0
-0.2089653466102955,-1.307972200510036,-1.4526190679734936,0.6649099662043687,0.5332562675369891,-1.1584739635809185,-0.2935976292656099,-1.1955438102563003,-0.5057756638630437,-0.1813909775283287,-1.2867306404531096,-0.2615885119916394,-0.4957175277308868,1,0,0
0.6520347281449074,0.8542261882667355,0.7740529578991624,0.6649099662043687,0.602097466234904,0.1967135102141092,-0.9528764443759564,-0.7773281870075541,0.744483737476454,1.0152930290789612,1.9477765934682016,1.589885564822464,1.2406296769489835,13,2,0
-0.2089653466102955,-1.307972200510036,0.7740529578991624,-1.503963018795596,-0.1895763187911166,0.237779797298807,0.2924279841658092,-0.4985177715083899,-0.3749345637228639,-0.8012560744759892,-0.8254887461012391,0.3684737268757055,-0.6708328895504974,5,0,0
1.0825347655225088,0.8542261882667355,0.7740529578991624,0.6649099662043687,-0.6542544100020411,-0.4192807960563577,1.3179728076707926,0.8955343059874312,0.2938088369936116,0.6967512431475242,-0.9243262948909255,-1.4183701900347945,0.6265722820425786,7,1,0
0.2215346907673059,-0.2268730061216503,-0.3392830550371656,0.6649099662043687,-2.5990182732181357,1.8804312806867192,1.171466404312938,1.3602183318193717,-1.1745190645795192,0.9464191294181103,-0.2809132321815933,0.0421920233389044,-0.6529925238168257,12,1,0
1.5130348029001102,-1.307972200510036,0.7740529578991624,-1.503963018795596,-0.5165720126062112,1.7572324194326256,1.6842388160654296,-0.2661757585924197,-0.6075409639720725,-1.3952934590508306,-0.6995193211732073,0.8297495802067028,-1.0844314295634914,11,1,0
1.0825347655225088,-1.307972200510036,-1.4526190679734936,-1.503963018795596,0.602097466234904,0.443111232722296,1.4644792110286473,1.3137499292361776,-0.5348514638941947,0.7742343802659823,-0.4766503386082277,-1.009779502563438,-0.1096425662173953,17,1,0
1.0825347655225088,-1.307972200510036,0.7740529578991624,0.6649099662043687,-0.5854132113041262,-0.0496842122940775,-0.3668508309445373,0.1985082672395206,0.3083467370091874,-0.7496006497303507,-1.073551613651825,-0.158905272740085,-0.156532570248562,5,1,0
-1.5004654587431,0.8542261882667355,-1.4526190679734936,-1.503963018795596,-0.5337823122806912,0.3199123714682026,-0.8063700410181017,-0.3126441611756138,1.689447238488865,-0.0436431782066256,-1.0929315251792144,0.9941610150814608,1.3662025974694891,17,0,0
0.6520347281449074,0.8542261882667355,0.7740529578991624,0.6649099662043687,-0.310048416512468,0.4841775198069938,0.2924279841658092,-0.544986174091584,0.8753248376166338,1.514628801620132,-0.2809132321815933,0.673499405591241,1.6842770610795872,13,2,0
1.0825347655225088,-1.307972200510036,0.7740529578991624,-1.503963018795596,0.7053592642817771,0.1145809360447136,-0.0005848225499004,1.778433955068118,0.5554910372739718,0.0510584338270442,-0.3894407367349748,-1.0482231615554995,0.4907529600212689,9,1,0
0.2215346907673059,-0.2268730061216503,0.7740529578991624,0.6649099662043687,-0.3960999148848613,0.5663100939763894,2.4259274830645694,1.778433955068118,-0.8982989642835836,0.4729110692497583,-0.463084400539055,-1.3133360295660172,-0.5643720512619905,5,1,0
-1.5004654587431,0.8542261882667355,0.7740529578991624,0.6649099662043687,1.118406456469265,-0.8710099539880336,-0.1470912259077552,-0.0338337456764495,1.907515738722498,-1.4039026965084371,-0.5735498962451753,-0.9175886510959368,0.4803067173564408,2,0,0
1.0825347655225088,-1.307972200510036,0.7740529578991624,-1.503963018795596,0.5676768668859473,-0.5424796573104511,1.0982132026340103,0.616723890488267,-0.3167829636605614,-0.9217853988824788,-0.2654093029596818,-1.3483684695379647,-0.6849307753033779,7,1,0
-1.0699654213654983,0.8542261882667355,0.7740529578991624,0.6649099662043687,0.6193077659093823,-0.9531425281574292,0.4389343875236639,-0.637922979257972,-0.3313208636761371,-0.7668191246455637,0.3392439366948713,-0.8538108597941302,-0.6240518897906159,9,0,0
1.5130348029001102,-1.307972200510036,0.7740529578991624,-1.503963018795596,-0.7919368073978709,0.1145809360447136,1.5377324127075749,0.4308502801554908,-0.0405628633646261,-0.5085420009173717,-0.5657979316342194,-0.8812037029272148,-0.2866836701630441,5,1,0
-0.2089653466102955,0.8542261882667355,0.7740529578991624,0.6649099662043687,-0.2412072178145531,-1.1584739635809185,0.3656811858447365,-0.3126441611756138,-1.3780496647975768,0.2662893702672043,-0.4960302501356172,-1.234079946277835,-1.0574528724204144,5,0,0
1.0825347655225088,-1.307972200510036,0.7740529578991624,0.6649099662043687,-0.5337823122806912,0.8127078164845762,1.0982132026340103,0.3379134749891028,0.6281805373518495,1.0669484538245992,-0.9611481267929658,-0.1241523343375972,1.1581134435861171,5,1,0
0.6520347281449074,0.8542261882667355,0.7740529578991624,0.6649099662043687,-0.0002630223718502,0.237779797298807,0.2924279841658092,-0.1267705508428376,0.2938088369936116,0.6364865809442792,0.992346955167898,0.0516659403986255,0.5935076530860802,13,2,0
0.2215346907673059,-1.307972200510036,-1.4526190679734936,0.6649099662043687,-1.7729238888431578,1.0180392519080652,0.2924279841658092,1.3602183318193717,-0.8692231642524325,-0.0522524156642327,0.6706404238132321,-0.2671990394971364,-0.7377978468766808,6,1,0
-1.5004654587431,0.8542261882667355,0.7740529578991624,0.6649099662043687,1.6863463457270629,0.1556472231294114,-1.026129646054884,-0.591454576674778,0.7590216374920292,0.2232431829791722,-0.2809132321815933,1.3296973517550272,0.7667517749152951,5,0,0
0.6520347281449074,0.8542261882667355,-1.4526190679734936,0.6649099662043687,-0.6542544100020411,-0.9531425281574292,-1.5389020578073755,-0.9632017973403304,1.137007037896994,1.1616500658582702,0.7907958752830468,0.7439906486090273,1.721447517587827,0,2,0
0.2215346907673059,-1.307972200510036,0.7740529578991624,-1.503963018795596,-0.946829504468179,1.67509984526323,2.4259274830645694,2.2895863834832526,-1.98864146545175,0.0080122465390122,0.0369173168675946,-0.8475233772551061,-1.6423697921365856,5,1,0
0.2215346907673059,-0.2268730061216503,-1.4526190679734936,-1.503963018795596,-2.358074077775434,1.059105538992763,2.197011227817921,2.2895863834832526,-1.407125464828728,-0.0952986029522647,-0.7169612415478577,-1.1444924909481202,-1.191746134643732,6,1,0
0.2215346907673059,-0.2268730061216503,-0.3392830550371656,0.6649099662043687,-2.2720225794030404,1.5929672710938343,2.270264429496849,2.1037127731504763,-1.1018295645016416,1.1444315909430574,0.356685857069522,-0.7922892284952345,-0.5143390907421016,12,1,0
-1.0699654213654983,0.8542261882667355,0.7740529578991624,0.6649099662043687,1.1528270558182232,1.4287021227550432,0.4389343875236639,0.4773186827386849,-0.723844164096677,-0.4999327634597652,-0.2809132321815933,0.5872888609945761,-0.7981135436544698,9,0,0
-0.2089653466102955,-1.307972200510036,-1.4526190679734936,0.6649099662043687,-0.6198338106530844,-0.7478110927339402,0.4389343875236639,-0.4985177715083899,-0.5203135638786195,-0.4310588637989136,-0.912698347974492,-0.7318827293642053,-0.6148410288670197,1,0,0
-0.639465383987897,-0.2268730061216503,0.7740529578991624,-1.503963018795596,0.8774622610265636,-1.610203121512594,-0.9528764443759564,-1.5672910309218528,0.5554910372739718,-0.7323821748151376,-0.6316896308273439,-0.0203358292552559,0.0311546175259371,0,0,0
-1.5004654587431,0.8542261882667355,-1.4526190679734936,0.6649099662043687,-0.7058853090254776,-0.583545944395149,0.2191747824868817,-0.6843913818411661,0.5845668373051227,-1.7654906697279056,-0.2809132321815933,-0.3159220415185601,-0.5583041468271162,17,0,0
-0.2089653466102955,0.8542261882667355,0.7740529578991624,0.6649099662043687,1.583084547680191,0.237779797298807,-1.3191424527705935,-0.7773281870075541,-0.3894724637384392,0.4040371695889074,-1.565801366447519,2.031714605880375,-0.1394188996567916,16,0,0
0.6520347281449074,0.8542261882667355,0.7740529578991624,0.6649099662043687,-0.0346836217208084,-0.9531425281574292,0.2191747824868817,-0.0803021482596435,0.4246499371337914,2.186149323313431,2.294677009808474,-1.108362570691692,1.5935128378561427,5,2,0
-0.639465383987897,-0.2268730061216503,0.7740529578991624,-1.503963018795596,-1.704082690145243,-1.404871686089105,-0.8796232426970291,-0.637922979257972,-0.4330861637851659,0.1715877582335343,-0.4495184624698822,-0.7616873834692982,-0.2810699501918578,3,0,0
1.5130348029001102,-1.307972200510036,-0.3392830550371656,0.6649099662043687,0.5504665672114675,1.839364993602021,0.2191747824868817,-0.3126441611756138,-0.4476240638007417,-0.2158279273587536,-0.3642468517493685,1.8796720340384403,-0.4643242976007605,10,1,0
0.2215346907673059,-1.307972200510036,0.7740529578991624,-1.503963018795596,-0.4993617129317329,0.7305752423151807,0.2924279841658092,2.2895863834832526,-1.0000642643926123,-0.4568865761717331,-1.0018459410004836,-0.9113577287220432,-0.9910692712077512,4,1,0
0.6520347281449074,0.8542261882667355,0.7740529578991624,-1.503963018795596,-0.0863145207442435,0.5252438068916917,0.1459215808079543,-0.4520493689251958,0.7590216374920292,1.1788685407734834,2.294677009808474,0.7171368417451089,1.355592848397733,5,2,0
-0.2089653466102955,-1.307972200510036,0.7740529578991624,0.6649099662043687,1.18724765516718,-0.1318167864634731,0.0726683791290269,-1.4278858231722706,-0.2440934635826836,0.7225789555203432,-1.0095979056114397,1.1410433643826812,0.1392868546408161,5,0,0
-0.639465383987897,-0.2268730061216503,-1.4526190679734936,0.6649099662043687,-1.0845119018640088,-1.8566008440207808,-0.1470912259077552,-0.591454576674778,1.137007037896994,-0.8270837868488081,-0.1685097453227342,-1.6544629492259646,0.3869082242436065,0,0,0
-1.5004654587431,0.8542261882667355,-0.3392830550371656,-1.503963018795596,-0.0346836217208084,-0.2139493606328687,-0.3668508309445373,-0.4520493689251958,1.398689238177354,-2.1270786429473745,0.6221906449947583,0.2238440852231258,-0.349742641101509,8,0,0
-1.0699654213654983,0.8542261882667355,0.7740529578991624,0.6649099662043687,0.9635137593989568,0.4841775198069938,0.5121875892025913,0.3379134749891028,-0.4330861637851659,-0.7065544624423187,0.0950570514497632,-0.1595789209825977,-0.6702151986798813,5,0,0
1.5130348029001102,-1.307972200510036,-1.4526190679734936,0.6649099662043687,0.1029987756750213,0.3199123714682026,0.0726683791290269,1.1278763189034011,-1.5525044649844837,0.3868186946736943,-1.2072730031908123,-0.6028956019093906,-1.1747051335661518,14,1,0
-0.2089653466102955,-1.307972200510036,0.7740529578991624,-1.503963018795596,-0.310048416512468,-0.6246122314798468,-1.245889251091666,-0.3126441611756138,-0.752919964127828,0.2748986077248114,-1.0212258525278732,0.1514274284732813,-0.5126676919157288,5,0,0
-1.5004654587431,0.8542261882667355,0.7740529578991624,0.6649099662043687,0.997934358747915,-0.9120762410727312,0.0726683791290269,-0.4520493689251958,0.831711137569907,-1.8515830443039696,-0.0851761257549593,-0.7785585464267458,-0.4711188971775351,2,0,0
1.5130348029001102,-1.307972200510036,0.7740529578991624,0.6649099662043687,-0.430520514233818,-0.0496842122940775,1.4644792110286473,-0.4055809663420018,-1.6542697650935123,-0.7065544624423187,-0.6568835158129502,-0.5402130135358262,-1.555329881515385,14,1,0
0.6520347281449074,0.8542261882667355,0.7740529578991624,-1.503963018795596,0.1718399743729362,-0.5014133702257534,-1.4656488561284482,0.1055714620731325,1.4277650382085043,1.4457549019592812,2.294677009808474,0.0233506377257508,2.213674471954516,13,2,0
0.2215346907673059,-1.307972200510036,0.7740529578991624,-1.503963018795596,-0.0346836217208084,0.8948403906539718,0.5854407908815187,2.2895863834832526,-1.7414971651869655,0.1888062331487474,-0.1471918426426058,-0.8790886429320415,-1.3918234745876443,4,1,0
0.2215346907673059,-0.2268730061216503,-1.4526190679734936,0.6649099662043687,-2.700128783805697,0.9769729648233676,1.4644792110286473,2.2895863834832526,-1.3635117647820014,-0.4396681012565201,0.0756771399223736,-1.0365426236884512,-1.2623627350579685,6,1,0
1.5130348029001102,-1.307972200510036,0.7740529578991624,0.6649099662043687,1.221668254516138,0.032448361875318,-0.1470912259077552,0.4308502801554908,-0.491237763847468,-1.2489364222715216,-1.151071259761383,-0.3462385761096683,-0.9481397556999454,5,1,0
0.2215346907673059,-0.2268730061216503,0.7740529578991624,0.6649099662043687,-1.4975590940514982,0.0735146489600158,2.4259274830645694,2.2895863834832526,-2.017717265482901,1.0583392163669934,-0.0890521080604372,-1.738384664710934,-1.4426012976279814,4,1,0
0.2215346907673059,-0.2268730061216503,0.7740529578991624,0.6649099662043687,-0.13794541976768,0.1556472231294114,2.1237580261389937,1.871370760234506,-0.9419126643303104,-0.2588741146467856,0.1124989718244138,-1.5274637804194635,-0.873689838412181,5,1,0
0.2215346907673059,-0.2268730061216503,-1.4526190679734936,0.6649099662043687,-0.0346836217208084,1.9214975677714168,-0.0738380242288277,2.2895863834832526,-2.032255165498477,0.8603267548420463,-0.5309140908849184,-0.0064000028706338,-1.4986476604471015,6,1,0
-1.0699654213654983,-1.307972200510036,0.7740529578991624,-1.503963018795596,0.2062605737218944,0.9769729648233676,-0.4401040326234647,0.2914450724059087,1.151544937912569,0.4040371695889074,0.0369173168675946,0.8154230297178392,1.2259322677040343,5,0,0
-1.0699654213654983,-1.307972200510036,-1.4526190679734936,0.6649099662043687,-0.13794541976768,0.032448361875318,-0.4401040326234647,-0.544986174091584,1.0207038377723894,-0.5774159005782227,-0.3099830994726776,0.6543773830069617,0.4679710673226704,15,0,0
-1.5004654587431,0.8542261882667355,-0.3392830550371656,0.6649099662043687,0.8774622610265636,-0.7067448056492424,0.0726683791290269,-1.1026070050899124,0.802635337538756,0.0037076278102093,0.560174928107112,0.0002361049315673,0.6675851391136206,8,0,0
-1.0699654213654983,0.8542261882667355,0.7740529578991624,-1.503963018795596,-1.1705634002364036,0.032448361875318,0.2924279841658092,-0.4055809663420018,-0.1132523634425039,0.9378098919605032,-0.2964171614035052,0.0728429314732966,0.3666334297845655,5,0,0
1.5130348029001102,0.8542261882667355,-1.4526190679734936,-1.503963018795596,-0.7058853090254776,0.4841775198069938,1.903998421102212,-0.1732389534260316,-0.2150176635515326,-1.2747641346443412,-0.6782014184930786,-0.3920658958404132,-0.781944576747171,14,1,0
-0.2089653466102955,0.8542261882667355,0.7740529578991624,0.6649099662043687,1.290509453214053,-1.199540250665616,-1.3191424527705935,-1.0561386025067183,-1.145443264548368,0.5934403936562472,-1.1278153659285155,0.2807624802064315,-0.7448649571316684,3,0,0
0.6520347281449074,0.8542261882667355,0.7740529578991624,0.6649099662043687,0.5160459678625108,0.8127078164845762,-0.5133572343023921,-0.2661757585924197,0.9625522377100872,2.3411155975503477,2.294677009808474,1.28488773978958,2.309307552628699,5,2,0
-1.5004654587431,0.8542261882667355,-0.3392830550371656,0.6649099662043687,-0.7403059083744359,-0.5014133702257534,-0.9528764443759564,0.0591030594899385,1.922053638738074,-1.7052260075246612,-1.0095979056114397,-0.2249724377452359,0.2528329705628591,8,0,0
-0.2089653466102955,-1.307972200510036,0.7740529578991624,0.6649099662043687,-0.4649411135827762,-0.5424796573104511,-1.0993828477338112,-0.8237965895907482,-1.5525044649844837,0.5245664939953962,-1.0968075074846924,0.7619536680652977,-1.136044952017015,5,0,0
0.2215346907673059,-0.2268730061216503,-0.3392830550371656,0.6649099662043687,-2.616228572892615,1.264436974416252,0.1459215808079543,1.5925603447353418,-1.1599811645639435,0.2576801328095983,-0.7712249938245485,-0.162325333048226,-0.8715097529864776,12,1,0
-0.2089653466102955,0.8542261882667355,-1.4526190679734936,0.6649099662043687,0.843041661677607,-0.1728830735481709,-0.8796232426970291,-0.7308597844243602,-0.7093062640811012,-1.1025793854922132,-0.2809132321815933,0.958523672115238,-1.0300382981921965,1,0,0
0.2215346907673059,-1.307972200510036,-1.4526190679734936,0.6649099662043687,-0.0346836217208084,1.839364993602021,2.1237580261389937,1.5925603447353418,-1.3489738647664258,-0.1900002149859346,-0.1297499222679551,-0.4015216685993361,-1.1738149320173232,6,1,0
-0.639465383987897,-0.2268730061216503,-1.4526190679734936,-1.503963018795596,1.2388785541906164,-1.815534556936083,-0.5866104359813196,-1.4278858231722706,0.744483737476454,-0.1900002149859346,-1.2169629589545077,-0.7954137025882189,0.5004906749227438,0,0,0
-1.5004654587431,0.8542261882667355,0.7740529578991624,0.6649099662043687,2.2714965346593385,-0.2139493606328687,-0.1470912259077552,-0.4055809663420018,0.2647330369624606,-0.9217853988824788,0.4632753704701644,0.0516659403986255,-0.2816149715482836,2,0,0
0.2215346907673059,-0.2268730061216503,0.7740529578991624,-1.503963018795596,-1.4975590940514982,1.67509984526323,0.5121875892025913,1.964307565400894,-0.9128368642991592,0.0596676712846514,-0.1181219753515215,-0.1975709545571191,-0.7317481098203543,4,1,0
1.0825347655225088,0.8542261882667355,0.7740529578991624,0.6649099662043687,-0.5854132113041262,1.1823044002468563,0.6586939925604461,1.9178391628177,-0.4621619638163169,-0.2502648771891797,-0.5735498962451753,-0.5514062067023585,-0.4910121766870773,5,1,0
-1.0699654213654983,-1.307972200510036,-1.4526190679734936,-1.503963018795596,-0.1895763187911166,0.5252438068916917,-0.0005848225499004,-0.1732389534260316,0.1629677368534319,-0.4482773387141266,1.2966115661479138,0.5375031239854979,-0.101394576356818,15,0,0
-0.2089653466102955,-1.307972200510036,0.7740529578991624,-1.503963018795596,1.6863463457270629,-0.3371482218869621,-0.0005848225499004,-0.2661757585924197,-1.1890569645950946,-0.7409914122727441,-1.2518467997038083,-0.2726984674480696,-1.229625118915325,5,0,0
0.6520347281449074,0.8542261882667355,0.7740529578991624,0.6649099662043687,-0.5165720126062112,-0.4192807960563577,-0.5866104359813196,-0.591454576674778,0.0030508366821006,1.6523766009418357,2.236537275226305,0.2609734103227009,0.8405840013324447,13,2,0
-1.5004654587431,0.8542261882667355,-1.4526190679734936,-1.503963018795596,2.047762638891115,-0.5424796573104511,0.1459215808079543,-1.1026070050899124,1.064317537819116,-0.4827142885445522,0.6745164061187098,0.1575508957719812,0.5629501223691404,17,0,0
-1.5004654587431,0.8542261882667355,0.7740529578991624,-1.503963018795596,-0.0518939213952868,-0.5014133702257534,0.2924279841658092,-0.2197073560092257,1.5295303383175336,-0.5515881882054037,0.1842046444757551,-0.6072181781321792,0.8651099623716055,2,0,0
-1.0699654213654983,0.8542261882667355,-1.4526190679734936,-1.503963018795596,0.7397798636307338,-0.6246122314798468,-0.5866104359813196,0.2449766698227146,0.860786937601058,-0.1125170778674765,-0.3700608252075853,-0.6683517561401922,0.642396068757475,1,0,0
-1.5004654587431,0.8542261882667355,0.7740529578991624,-1.503963018795596,1.4798227496333178,-0.1728830735481709,-0.9528764443759564,-1.1490754076731065,0.9625522377100872,-1.903238469049608,-0.3041691260144608,1.663879478300761,-0.4313868402940944,2,0,0
1.5130348029001102,-1.307972200510036,-0.3392830550371656,0.6649099662043687,0.8774622610265636,1.5108346969244388,0.2191747824868817,0.1055714620731325,-1.959565665420599,-0.7237729373575317,-0.3506809136801958,1.105977567473324,-1.780423701719242,10,1,0
0.2215346907673059,-0.2268730061216503,-0.3392830550371656,0.6649099662043687,-1.7901341885176365,1.67509984526323,1.3179728076707926,1.4996235395689537,-0.4185482637695902,1.3854902397560362,-0.2809132321815933,-0.2212070082896522,0.2718178811450242,12,1,0
-1.0699654213654983,-1.307972200510036,-1.4526190679734936,-1.503963018795596,-0.0518939213952868,0.1556472231294114,1.3179728076707926,-0.3126441611756138,0.2065814369001581,0.5159572565377903,0.0097854407292494,-0.3571576669581606,0.4486773113051968,15,0,0
-0.639465383987897,-1.307972200510036,0.7740529578991624,-1.503963018795596,-0.0346836217208084,-1.0763413894115226,-1.245889251091666,-1.1955438102563003,1.3696134381462024,-1.5760874456605651,-0.6336276219800827,0.6141797658195772,0.0235243185359756,11,0,0
-1.0699654213654983,0.8542261882667355,-1.4526190679734936,0.6649099662043687,-0.9812501038171372,1.30550326150095,-0.0005848225499004,0.0591030594899385,-0.0841765634113529,1.1444315909430574,0.3392439366948713,1.0916915020658071,0.4966755254277623,15,2,0
0.6520347281449074,0.8542261882667355,-1.4526190679734936,0.6649099662043687,-0.5509926119551695,-0.0086179252093797,-0.2935976292656099,-1.0561386025067183,1.0207038377723894,1.4715826143321002,2.294677009808474,1.1136920427933823,1.8083602565591943,0,2,0
0.6520347281449074,0.8542261882667355,0.7740529578991624,-1.503963018795596,-1.4631384947025416,-0.7888773798186379,0.3656811858447365,-0.637922979257972,1.398689238177354,2.4616449219568364,2.294677009808474,-0.6463103980828817,2.9038168482179643,5,2,0
0.6520347281449074,0.8542261882667355,-1.4526190679734936,-1.503963018795596,0.4127841698156391,-0.1728830735481709,0.2924279841658092,-0.3126441611756138,1.4277650382085043,0.4815203067073643,2.294677009808474,-0.2114174487213271,1.5259301896593431,1,2,0
1.0825347655225088,-1.307972200510036,0.7740529578991624,-1.503963018795596,0.2923120720942877,1.1823044002468563,1.2447196059918653,1.5925603447353418,-0.2440934635826836,0.0037076278102093,-1.0987454986374312,-0.5726532015369316,-0.1989988176034059,5,1,0
0.2215346907673059,-1.307972200510036,0.7740529578991624,-1.503963018795596,-1.5491899930749349,1.5929672710938343,2.0505048244600665,1.5460919421521475,-1.7414971651869655,1.1272131160278442,0.1997085736976667,-0.514062249739017,-1.1541941631859944,5,1,0
-1.0699654213654983,-1.307972200510036,0.7740529578991624,-1.503963018795596,-0.1551557194421584,0.032448361875318,-0.1470912259077552,-0.3591125637588078,0.1629677368534319,-0.5085420009173717,1.35862728303556,0.278063257351553,-0.133314660464823,5,0,0
-1.0699654213654983,0.8542261882667355,0.7740529578991624,-1.503963018795596,0.3439429711177242,1.264436974416252,-1.1726360494127386,-0.0338337456764495,0.0321266367132516,0.4987387816225773,1.1512622296924924,2.0437149008226885,0.2824821323524221,9,2,0
0.2215346907673059,-1.307972200510036,0.7740529578991624,0.6649099662043687,-2.082709282983774,0.1967135102141092,0.7319471942393735,2.010775967984088,-0.6220788639876482,0.1027138585726834,-0.9766520560148774,-1.262366355784717,-0.4707737169851326,4,1,0
0.6520347281449074,0.8542261882667355,-1.4526190679734936,0.6649099662043687,-0.6542544100020411,0.8537741035692741,-0.2203444275866825,-0.3591125637588078,0.2647330369624606,0.0037076278102093,2.294677009808474,1.2216946972742049,0.2222572724673711,1,2,0
0.2215346907673059,-0.2268730061216503,-0.3392830550371656,0.6649099662043687,-2.444125576147827,0.2788460843835048,0.6586939925604461,1.4996235395689537,-0.5784651639409215,1.3768810022984304,-0.4902162766774004,-0.9894407289210164,0.103715127444759,12,1,0
-1.5004654587431,0.8542261882667355,-0.3392830550371656,-1.503963018795596,-0.6198338106530844,-0.37821450897166,-1.4656488561284482,-1.1026070050899124,1.5876819383798355,-0.2502648771891797,-0.3758747986658021,1.8517101817456705,1.130480860815328,8,0,0
1.5130348029001102,0.8542261882667355,-1.4526190679734936,0.6649099662043687,1.4281918506098827,0.032448361875318,-0.4401040326234647,0.1520398646563266,-0.7965336641745547,-1.093970148034607,0.182266653323016,-0.0037200362582063,-1.0848856140271794,14,1,0
1.5130348029001102,0.8542261882667355,-1.4526190679734936,0.6649099662043687,0.2923120720942877,-0.4192807960563577,1.3179728076707926,0.3379134749891028,-0.7674578641434038,0.7053604806051313,0.4090116181934735,-1.1920009899866053,-0.3554108632083377,14,1,0
-1.0699654213654983,0.8542261882667355,0.7740529578991624,0.6649099662043687,-0.0691042210697651,0.0735146489600158,-0.7331168393391743,0.570255487905073,0.3810362370870652,-0.1555632651555085,-0.251843364890509,-0.1432012343527057,0.2291427089368839,5,0,0
0.6520347281449074,0.8542261882667355,-1.4526190679734936,-1.503963018795596,-0.3616793155359031,0.7305752423151807,-0.1470912259077552,-0.9167333947571364,0.9189385376633604,1.5232380390777394,1.8043652481655192,1.7331190317275122,1.7354545664479704,0,2,0
0.6520347281449074,0.8542261882667355,0.7740529578991624,0.6649099662043687,-0.0346836217208084,0.9359066777386696,-1.026129646054884,-1.0561386025067183,0.2065814369001581,1.8073428751787504,0.7559120345337461,3.25060170644966,1.140854433965967,13,2,0
-1.5004654587431,0.8542261882667355,-0.3392830550371656,0.6649099662043687,0.5160459678625108,-0.8299436669033358,-1.1726360494127386,-0.2197073560092257,1.1806207379437206,-0.6893359875271056,0.0659871841586789,-0.2413645174950794,0.5110640892374042,8,0,0
1.5130348029001102,-1.307972200510036,0.7740529578991624,0.6649099662043687,-0.1035248204187233,1.839364993602021,0.8052003959183008,-0.0338337456764495,-1.668807665109088,-1.2058902349834897,-1.197583047427118,1.187078461863685,-1.6975804555425196,11,1,0
0.2215346907673059,-1.307972200510036,0.7740529578991624,0.6649099662043687,-2.700128783805697,0.4841775198069938,0.6586939925604461,1.3602183318193717,-1.639731865077937,0.9033729421300783,0.6473845299803649,-0.7800786400858708,-1.1133357288326065,5,1,0
0.6520347281449074,0.8542261882667355,0.7740529578991624,-1.503963018795596,-0.8091471070723507,0.1556472231294114,-1.4656488561284482,-0.9167333947571364,0.7880974375231803,1.3080071026375797,1.5427364425457606,2.3460506898170976,1.4647424587112736,13,2,0
1.5130348029001102,-1.307972200510036,-1.4526190679734936,-1.503963018795596,1.06677555744583,-0.1318167864634731,-0.5133572343023921,-0.591454576674778,-2.032255165498477,0.4212556445041192,0.5252910873578106,0.5606439672622732,-1.591301291039488,14,1,0
-0.2089653466102955,-1.307972200510036,-1.4526190679734936,0.6649099662043687,-0.7747265077233926,0.032448361875318,-0.2203444275866825,-0.637922979257972,-0.1277902634580791,-1.1025793854922132,-0.2809132321815933,0.6036795077450531,-0.6419830924170247,1,0,0
1.5130348029001102,-1.307972200510036,-1.4526190679734936,0.6649099662043687,-0.0346836217208084,0.2788460843835048,0.4389343875236639,0.616723890488267,-2.017717265482901,-0.9648315861705108,0.4574613970119473,-0.4797756927609781,-1.8738040274535293,14,1,0
-0.639465383987897,-1.307972200510036,0.7740529578991624,-1.503963018795596,0.997934358747915,-2.43152886320655,-0.8796232426970291,-1.4743542257554647,0.0757403367599783,-1.8343645693887567,-0.9456441975710542,-1.5769455160582244,-0.8844994286479596,3,0,0
1.0825347655225088,0.8542261882667355,-1.4526190679734936,0.6649099662043687,0.5848871665604256,1.100171826077461,-0.5133572343023921,1.0814079163202073,0.0030508366821006,-0.9390038737976916,-0.9359542418073594,0.30630634527211,-0.4718274249408893,17,1,0
-0.639465383987897,-1.307972200510036,0.7740529578991624,0.6649099662043687,0.7225695639562555,-1.0352751023268247,-0.8063700410181017,-0.4520493689251958,-0.4621619638163169,-0.8443022617640212,-0.298355152556244,-0.4925334814039694,-0.7517503936011811,5,0,0
-1.0699654213654983,-1.307972200510036,0.7740529578991624,0.6649099662043687,-0.0346836217208084,0.8948403906539718,0.5854407908815187,0.4773186827386849,0.0321266367132516,-0.3277480143076371,1.517542557560154,0.0660662943294022,-0.1395824060637196,5,1,0
0.6520347281449074,0.8542261882667355,-1.4526190679734936,0.6649099662043687,-0.8263574067468291,0.3609786585529004,-0.3668508309445373,-0.8237965895907482,0.1193540368067051,1.7126412631450791,1.0272307959171991,1.337411827075086,0.9962421007276534,0,2,0
1.5130348029001102,-1.307972200510036,0.7740529578991624,0.6649099662043687,0.0857884760005429,0.8537741035692741,-0.6598636376602469,-0.4055809663420018,-1.1599811645639435,0.0037076278102093,-0.2809132321815933,1.6251877603626717,-0.9572597797308042,5,1,0
-1.0699654213654983,0.8542261882667355,0.7740529578991624,0.6649099662043687,-0.6886750093509992,0.5663100939763894,-0.2935976292656099,0.663192293071461,0.4973394372116692,0.0854953836574703,0.3760657685969115,0.0424349442891535,0.4621211714303669,5,0,0
-0.2089653466102955,0.8542261882667355,0.7740529578991624,0.6649099662043687,1.6347154467036276,-0.1318167864634731,-0.1470912259077552,-0.591454576674778,-0.5203135638786195,-1.2058902349834897,-0.9282022771964036,0.3177594369455802,-0.9483940989996112,16,0,0
0.6520347281449074,0.8542261882667355,-1.4526190679734936,0.6649099662043687,-1.6180311917728496,0.6895089552304828,-0.5866104359813196,-0.8702649921739423,1.1806207379437206,2.134493898567793,-0.2809132321815933,2.031714605880375,2.4238710417494014,1,2,0
-1.0699654213654983,0.8542261882667355,0.7740529578991624,-1.503963018795596,-0.5854132113041262,1.264436974416252,-0.5133572343023921,0.5237870853218789,-0.2731692636138346,0.2490708953519912,0.1570727683374097,0.917633170019636,-0.1086433603972817,5,0,0
0.6520347281449074,0.8542261882667355,-1.4526190679734936,0.6649099662043687,0.5504665672114675,1.059105538992763,0.1459215808079543,-0.591454576674778,0.6427184373674247,1.6782043133146545,1.899326814649728,1.446700227442585,1.538720024156803,0,2,0
0.6520347281449074,0.8542261882667355,-1.4526190679734936,-1.503963018795596,0.3439429711177242,0.443111232722296,-0.5133572343023921,-1.1026070050899124,1.209696537974871,0.7656251428083752,0.8043618133522199,2.003292854701211,1.523913610640568,0,2,0
-0.2089653466102955,0.8542261882667355,0.7740529578991624,0.6649099662043687,1.4626124499588395,-1.3227391119197094,0.0726683791290269,-0.591454576674778,-0.3603966637072882,-1.2403271848139157,-0.8448686576286286,-1.1344684754784795,-0.8597009569305853,16,0,0
-1.5004654587431,0.8542261882667355,-0.3392830550371656,0.6649099662043687,1.3765609515864463,0.032448361875318,-0.4401040326234647,-0.7308597844243602,0.5845668373051227,-1.5330412583725332,0.3741277774441721,0.8690977958809311,-0.4209587650078141,8,0,0
0.2215346907673059,-0.2268730061216503,-1.4526190679734936,0.6649099662043687,-0.5682029116296479,2.167895290279604,0.1459215808079543,1.871370760234506,-0.3749345637228639,1.3510532899256114,0.5194771138995936,0.3246927850593185,0.301121862742185,6,1,0
0.6520347281449074,0.8542261882667355,0.7740529578991624,0.6649099662043687,0.4472047691645958,0.6073763810610873,0.2924279841658092,-1.1026070050899124,1.1660828379281447,1.5748934638233774,1.7481635047360895,1.454459038827702,2.029457253482596,5,2,0
-0.2089653466102955,0.8542261882667355,0.7740529578991624,0.6649099662043687,0.2062605737218944,-0.583545944395149,0.3656811858447365,-1.1955438102563003,0.0466645367288273,-0.1211263153250837,-0.4940922589828781,0.0600382391955885,-0.0222938101608868,16,0,0
1.5130348029001102,0.8542261882667355,-1.4526190679734936,-1.503963018795596,0.1718399743729362,-0.37821450897166,-0.5866104359813196,0.3843818775722968,-1.043677964439339,0.7225789555203432,-0.4999062324410951,-0.5169461657465156,-0.6061206871642069,14,1,0
0.2215346907673059,-0.2268730061216503,-0.3392830550371656,0.6649099662043687,-0.2584175174890315,0.1556472231294114,1.4644792110286473,2.2895863834832526,-1.915951965373872,0.6967512431475242,0.1531967860319317,-1.5274637804194635,-1.4251787816009034,12,1,0
1.0825347655225088,-1.307972200510036,0.7740529578991624,0.6649099662043687,-0.1551557194421584,1.4287021227550432,1.2447196059918653,1.2672815266529835,-0.3603966637072882,0.4987387816225773,-0.7208372238533356,-0.2463546293608187,-0.070691706611498,5,1,0
-1.5004654587431,0.8542261882667355,0.7740529578991624,0.6649099662043687,1.875659642146329,-0.4603470831410555,-1.1726360494127386,0.0126346569067444,1.747598838551167,-1.3952934590508306,-0.3080451083199388,-0.0155884598275275,0.3871262327861763,2,0,0
-1.5004654587431,0.8542261882667355,0.7740529578991624,0.6649099662043687,1.7551875444249774,0.032448361875318,-0.9528764443759564,-0.4520493689251958,0.4246499371337914,-1.1886717600682772,-0.5095961882047899,0.925973143338619,-0.3222008952234587,2,0,0
-1.5004654587431,0.8542261882667355,-1.4526190679734936,0.6649099662043687,-0.13794541976768,-0.8299436669033358,-0.6598636376602469,-1.0096701999235245,0.7154079374453025,-0.7237729373575317,0.4942832289139875,0.2411442815930514,0.1517133415673245,17,0,0
-1.0699654213654983,0.8542261882667355,0.7740529578991624,0.6649099662043687,-1.015670703166094,-0.2550156477175666,1.024960000955083,-0.6843913818411661,0.3374225370403384,-0.956222348712904,0.5834308219399792,-0.3626838661001278,-0.250312578310895,9,0,0
-0.2089653466102955,0.8542261882667355,0.7740529578991624,-1.503963018795596,-0.0691042210697651,-0.2550156477175666,-1.0993828477338112,-0.544986174091584,-0.8982989642835836,-0.5343697132901907,-0.2809132321815933,0.7896840793509137,-0.9427258768927828,5,0,0
-0.2089653466102955,-1.307972200510036,-1.4526190679734936,0.6649099662043687,-0.2584175174890315,0.237779797298807,-0.4401040326234647,-1.4278858231722706,-1.799648765249268,0.6967512431475242,-1.4088240830756635,2.201433062921668,-1.3171918835144043,1,0,0
-0.639465383987897,-0.2268730061216503,0.7740529578991624,0.6649099662043687,1.6347154467036276,-1.5691368344278962,-1.4656488561284482,-1.4743542257554647,1.0207038377723894,0.2232431829791722,0.0097854407292494,0.4116747886680347,0.9917365908478664,11,0,0
-0.2089653466102955,0.8542261882667355,0.7740529578991624,0.6649099662043687,1.6863463457270629,-1.1174076764962204,-1.0993828477338112,-1.3349490180058827,-1.5234286649533324,0.1715877582335343,-0.4882782855246613,0.6173941305362686,-1.2103313628978518,5,0,0
-1.5004654587431,0.8542261882667355,-1.4526190679734936,-1.503963018795596,1.0323549580968718,0.0735146489600158,-1.0993828477338112,-0.2197073560092257,0.3519604370559137,-1.3780749841356177,-0.8894424541416245,0.8089259315860037,-0.475315561622014,17,0,0
-1.5004654587431,0.8542261882667355,0.7740529578991624,0.6649099662043687,2.3747583327062114,0.4020449456375982,-0.6598636376602469,-0.2197073560092257,1.1079312378658428,0.2490708953519912,-0.6297516396746048,0.8762023348221103,1.0839542043551127,5,0,0
0.2215346907673059,-0.2268730061216503,0.7740529578991624,0.6649099662043687,-1.411507595679105,2.0036301419408127,0.9517067992761556,1.4531551369857596,-0.8110715641901305,0.1629785207759272,-0.2809132321815933,0.1541850163958747,-0.606556704249348,4,1,0
-1.0699654213654983,0.8542261882667355,-1.4526190679734936,-1.503963018795596,-0.6198338106530844,0.1967135102141092,-0.0738380242288277,-0.1732389534260316,-0.781995764158979,0.9894653167061424,0.7384701141590954,0.2422588600706658,-0.2574160233229776,1,0,0
-1.5004654587431,0.8542261882667355,0.7740529578991624,-1.503963018795596,1.6175051470291475,0.032448361875318,-0.9528764443759564,0.1520398646563266,0.4391878371493672,-0.8356930243064147,-0.7634730292135926,0.278063257351553,-0.1115683083434331,2,0,0
-1.5004654587431,0.8542261882667355,0.7740529578991624,0.6649099662043687,-0.378889615210383,-0.583545944395149,-1.1726360494127386,-0.6843913818411661,1.7912125385978932,-1.0250962483737558,-0.8119228080320664,0.5822052957430179,0.6979519123558109,5,0,0
-1.0699654213654983,-1.307972200510036,-1.4526190679734936,-1.503963018795596,0.2578914727453295,0.7305752423151807,-0.2935976292656099,0.3843818775722968,-0.3894724637384392,0.4212556445041192,0.0311033434093778,0.4116747886680347,-0.1316795963955458,1,0,0
0.2215346907673059,-1.307972200510036,0.7740529578991624,0.6649099662043687,-1.0673016021895303,1.1823044002468563,0.2924279841658092,2.1966495783168645,-1.4507391648754546,0.6106588685714602,0.6066867157728464,-0.5726532015369316,-1.0186655192214444,4,1,0
-1.5004654587431,0.8542261882667355,-0.3392830550371656,0.6649099662043687,1.2732991535395746,-1.0763413894115226,0.2924279841658092,0.1520398646563266,1.122469137881418,-0.3880126765108816,0.3295539809311766,-1.3694216185595671,0.6703374969635713,8,0,0
0.6520347281449074,0.8542261882667355,-1.4526190679734936,0.6649099662043687,0.843041661677607,0.648442668145785,-0.5866104359813196,-0.1732389534260316,1.0061659377568135,1.1874777782310892,1.9032027969552057,1.0483220150813053,1.6079740711799746,0,2,0
1.0825347655225088,0.8542261882667355,0.7740529578991624,0.6649099662043687,0.3439429711177242,0.8537741035692741,1.024960000955083,0.3843818775722968,0.7880974375231803,0.1113230960302893,-1.1820791182052064,-0.0906631391497451,0.7223143669880449,9,1,0
-1.5004654587431,0.8542261882667355,-0.3392830550371656,0.6649099662043687,1.3765609515864463,-0.6656785185645445,0.1459215808079543,-0.3591125637588078,1.3696134381462024,-0.0866893654946576,0.5562989458016337,-0.6148850955061215,1.0732717857691667,8,0,0
-1.5004654587431,0.8542261882667355,-1.4526190679734936,0.6649099662043687,0.4127841698156391,0.5663100939763894,0.5121875892025913,-0.9632017973403304,0.4682636371805182,-0.0092062283762007,-0.505720205899312,1.0620133532837417,0.3833474180482905,17,0,0
-1.0699654213654983,-1.307972200510036,0.7740529578991624,-1.503963018795596,1.04956525777135,-0.0496842122940775,-0.0005848225499004,-0.7773281870075541,0.1775056368690071,0.2318524204367794,-0.2809132321815933,0.5076771482065434,0.2713636966813364,9,0,0
1.0825347655225088,0.8542261882667355,0.7740529578991624,0.6649099662043687,0.8774622610265636,-0.3371482218869621,1.6109856143865022,0.8955343059874312,0.7154079374453025,1.1186038785702384,-0.5851778431616089,-1.427289328167595,1.2752930352176646,9,1,0
1.0825347655225088,-1.307972200510036,0.7740529578991624,-1.503963018795596,0.8602519613520853,0.032448361875318,-0.2203444275866825,1.5460919421521475,0.6136426373362737,0.9464191294181103,-1.3797542157845792,-0.944270946419666,1.072109073542125,5,1,0
1.0825347655225088,-1.307972200510036,0.7740529578991624,0.6649099662043687,-0.4477308139082963,0.3609786585529004,-0.2935976292656099,-0.1267705508428376,-0.1859418635203816,0.4987387816225773,-0.5231621262739624,0.4980769122526929,0.0862744440391327,5,1,0
0.6520347281449074,0.8542261882667355,0.7740529578991624,0.6649099662043687,-0.7575162080489142,-0.0907504993787753,0.3656811858447365,-0.2197073560092257,0.2501951369468849,0.3696002197584813,1.5427364425457606,-0.2343223970116525,0.4086545763649951,5,2,0
0.6520347281449074,0.8542261882667355,0.7740529578991624,-1.503963018795596,-0.2239969181400733,0.032448361875318,-0.0005848225499004,-0.8237965895907482,1.2969239380683246,0.5676126812834282,1.554364389462194,0.6543773830069617,1.468303264906589,0,2,0
1.0825347655225088,-1.307972200510036,0.7740529578991624,0.6649099662043687,-0.7230956086999559,-0.1318167864634731,0.2924279841658092,2.057244370567282,-0.4621619638163169,0.4901295441649714,-0.9243262948909255,-1.3999826413328618,-0.1660341092289183,5,1,0
-1.5004654587431,0.8542261882667355,0.7740529578991624,0.6649099662043687,1.1528270558182232,-0.5424796573104511,-0.8063700410181017,-1.0096701999235245,0.4391878371493672,0.0037076278102093,-0.3235490375418504,0.7619536680652977,0.3666879319202086,2,0,0
-1.5004654587431,0.8542261882667355,0.7740529578991624,0.6649099662043687,0.016947277302628,0.5252438068916917,-0.2935976292656099,-0.4055809663420018,1.558606138348685,-1.9548938937952467,-0.7208372238533356,0.9631777051658524,-0.1407269509122137,5,0,0
0.6520347281449074,0.8542261882667355,-1.4526190679734936,0.6649099662043687,-0.4993617129317329,0.7305752423151807,0.5121875892025913,0.1055714620731325,0.2938088369936116,0.4384741194193323,1.45165085836703,0.2254633154252368,0.4848667293718703,0,2,0
0.2215346907673059,-0.2268730061216503,0.7740529578991624,-1.503963018795596,-0.1895763187911166,2.291094151533697,2.197011227817921,2.2895863834832526,-0.9419126643303104,1.2993978651799722,-0.5677359227869585,-0.4477011717170062,-0.2982381229192709,5,1,0
0.2215346907673059,-0.2268730061216503,-1.4526190679734936,0.6649099662043687,-0.0346836217208084,1.8804312806867192,2.4259274830645694,1.871370760234506,-1.3489738647664258,0.0037076278102093,-0.013470453103618,-0.5746645124892358,-1.1137263274713785,6,1,0
-0.639465383987897,-1.307972200510036,0.7740529578991624,-1.503963018795596,-1.1017222015384889,-2.472595150291248,-1.612155259486303,-1.4278858231722706,-0.0114870633334751,-1.30059184701716,-0.2770372498761156,-1.2683665032558735,-0.6642381311377451,11,0,0
0.2215346907673059,-1.307972200510036,-1.4526190679734936,-1.503963018795596,-0.0346836217208084,0.032448361875318,2.197011227817921,1.824902357651312,-0.752919964127828,0.1027138585726834,-0.2867272056398104,-1.6011019539291156,-0.5809770352544297,6,1,0
-1.5004654587431,0.8542261882667355,-0.3392830550371656,0.6649099662043687,1.06677555744583,-1.3638053990044072,0.0726683791290269,-1.1026070050899124,0.4973394372116692,-0.2330464022739666,-0.5599839581760025,-0.8226412625413674,0.27794028771554,8,0,0
-0.639465383987897,-1.307972200510036,-1.4526190679734936,0.6649099662043687,-0.8607780060957858,-2.102998566528968,-0.2203444275866825,-0.3591125637588078,1.2969239380683246,-2.247607967353864,-0.6956433388677292,-2.018384937150476,-0.4861978213719827,0,0,0
-1.0699654213654983,0.8542261882667355,0.7740529578991624,0.6649099662043687,0.825831362003127,0.7716415293998784,0.2924279841658092,0.5237870853218789,0.4391878371493672,-0.7151636998999252,1.0950604862630626,0.0575677247964849,-0.0428956174337823,5,0,0
-0.2089653466102955,0.8542261882667355,0.7740529578991624,0.6649099662043687,1.6175051470291475,-0.994208815242127,0.0726683791290269,-0.9167333947571364,-1.130905364532793,0.1285415709455023,-0.8196747726430224,-0.5210754091208887,-0.8905128309471909,3,0,0
1.0825347655225088,-1.307972200510036,0.7740529578991624,0.6649099662043687,0.0685781763260646,0.9359066777386696,-0.6598636376602469,0.1055714620731325,0.7590216374920292,0.6709235307747053,-1.075489604804564,1.1028917773452995,1.0426052507809414,5,1,0
-0.639465383987897,-0.2268730061216503,0.7740529578991624,0.6649099662043687,0.5160459678625108,-1.2406065377503137,-1.6854084611652305,-1.3814174205890766,-0.3313208636761371,-0.7668191246455637,-1.32355247235515,1.1316924852068528,-0.6240518897906159,3,0,0
1.0825347655225088,0.8542261882667355,0.7740529578991624,0.6649099662043687,-0.0518939213952868,-0.2960819348022643,1.0982132026340103,0.2449766698227146,0.482801537196094,0.0037076278102093,-1.375878233479101,-0.983005158958337,0.4027955967834181,9,1,0
0.2215346907673059,-1.307972200510036,0.7740529578991624,0.6649099662043687,-0.5854132113041262,0.5252438068916917,1.757492017744357,2.2895863834832526,-0.6511546640187993,0.6795327682323112,-0.3429289490692399,-1.3643688627943829,-0.2579065425437616,4,1,0
-1.5004654587431,0.8542261882667355,0.7740529578991624,0.6649099662043687,-0.2584175174890315,0.1967135102141092,-1.3191424527705935,-0.544986174091584,1.6022198383954114,-1.6277428704062036,-0.6142477104526932,1.589885564822464,0.1246076127744145,5,0,0
-0.639465383987897,-1.307972200510036,0.7740529578991624,0.6649099662043687,0.2406811730708511,-2.0619322794442696,-1.612155259486303,-0.7308597844243602,0.0175887366976763,-2.2389987298962577,-0.1646337630172562,-1.21619130785451,-1.1229099373271527,3,0,0
-0.639465383987897,-0.2268730061216503,0.7740529578991624,-1.503963018795596,-0.7919368073978709,-2.5957940115453413,-1.6854084611652305,-0.544986174091584,1.1079312378658428,-1.94628465633764,-0.1898276480028628,-2.108387149217828,-0.3799731590045934,3,0,0
-0.2089653466102955,0.8542261882667355,0.7740529578991624,0.6649099662043687,1.221668254516138,-0.7478110927339402,-1.1726360494127386,-0.591454576674778,-0.8546852642368568,-0.9303946363400852,-0.5347900731903963,0.2455168586975383,-1.0612861892939425,3,0,0
-0.639465383987897,-1.307972200510036,0.7740529578991624,0.6649099662043687,-0.7230956086999559,-2.226197427783061,-1.5389020578073755,-1.3814174205890766,0.3810362370870652,-0.3966219139684881,-0.9146363391272307,-0.8997860157419553,0.0938320735149043,11,0,0
1.5130348029001102,0.8542261882667355,0.7740529578991624,0.6649099662043687,0.843041661677607,1.059105538992763,0.8784535975972283,-0.544986174091584,-0.4621619638163169,-0.7840375995607761,-0.0619202319220918,0.8961726779278001,-0.7252986904359822,5,1,0
-1.5004654587431,0.8542261882667355,0.7740529578991624,0.6649099662043687,1.858449342471851,-1.1584739635809185,-0.6598636376602469,0.0126346569067444,1.3696134381462024,-0.6118528504086481,-0.4320765420952319,-1.0430548431144753,0.7031296152418568,2,0,0
-0.639465383987897,-1.307972200510036,0.7740529578991624,0.6649099662043687,-0.2928381168379882,-2.020865992359572,-1.612155259486303,-0.637922979257972,0.6717942373985762,-1.929066181422428,-0.7692870026718094,-1.2311824907585642,-0.6072107298770582,11,0,0
-1.5004654587431,0.8542261882667355,-1.4526190679734936,0.6649099662043687,0.2406811730708511,-0.8710099539880336,-1.0993828477338112,-0.591454576674778,1.500454538286382,-1.73105371989748,-0.7227752150060747,0.0288805702549921,-0.0103215076980665,17,0,0
0.6520347281449074,0.8542261882667355,-1.4526190679734936,0.6649099662043687,0.602097466234904,0.032448361875318,-0.0005848225499004,-0.4520493689251958,1.3696134381462024,2.2550232229742835,2.294677009808474,0.278063257351553,2.723741792054878,0,2,0
0.6520347281449074,0.8542261882667355,-1.4526190679734936,0.6649099662043687,-1.5147693937259763,-1.3227391119197094,-1.026129646054884,-0.4055809663420018,0.4101120371182162,1.600721176196196,1.3179294688280423,-0.7712114270743091,1.2457892124564809,0,2,0
-1.0699654213654983,0.8542261882667355,0.7740529578991624,-1.503963018795596,-0.0346836217208084,-0.7067448056492424,0.1459215808079543,-0.4985177715083899,0.9480143376945116,-0.1727817400707216,0.0020334761182935,-0.5581449658536386,0.674352487622575,9,0,0
-1.5004654587431,0.8542261882667355,0.7740529578991624,-1.503963018795596,-0.1207351200932017,-1.0763413894115226,0.0726683791290269,-0.4520493689251958,0.5991047373206985,0.1027138585726834,-0.2906031879452881,-0.954889410885232,0.5577905868616432,5,0,0
1.5130348029001102,0.8542261882667355,-0.3392830550371656,-1.503963018795596,1.06677555744583,-0.0907504993787753,0.9517067992761556,0.1055714620731325,-0.4621619638163169,0.5503942063682152,-0.4340145332479707,-0.6860571093337695,-0.1395824060637196,10,1,0
-0.2089653466102955,-1.307972200510036,0.7740529578991624,0.6649099662043687,0.825831362003127,-0.9531425281574292,0.2924279841658092,-0.9167333947571364,-1.959565665420599,-1.1370163353226386,-0.3971927013459305,-0.5852727911549438,-1.8719872895987764,5,0,0
0.6520347281449074,0.8542261882667355,0.7740529578991624,0.6649099662043687,-0.3616793155359031,0.1145809360447136,-0.5866104359813196,-0.0338337456764495,1.2969239380683246,2.151712373483006,2.0853739653126677,0.3235093564387916,2.568083692659669,5,2,0
-0.639465383987897,-0.2268730061216503,0.7740529578991624,-1.503963018795596,0.1029987756750213,-2.185131140698364,-1.4656488561284482,-0.8237965895907482,-0.4766998638318927,0.1543692833183213,-0.982466029473094,-1.404022011299419,-0.3257617014187741,5,0,0
1.5130348029001102,0.8542261882667355,0.7740529578991624,0.6649099662043687,0.8774622610265636,1.5108346969244388,-0.3668508309445373,-0.6843913818411661,-1.639731865077937,0.0037076278102093,0.1183129452826306,2.546899681852115,-1.354444093226108,5,1,0
-0.2089653466102955,-1.307972200510036,0.7740529578991624,0.6649099662043687,1.20445795484166,-0.7067448056492424,-1.0993828477338112,-1.3349490180058827,-1.508890764937757,-1.2833733721019478,-1.2557227820092869,1.303125270097047,-1.6155002392647937,16,0,0
0.6520347281449074,0.8542261882667355,-1.4526190679734936,0.6649099662043687,-0.8435677064213074,-0.9531425281574292,-1.026129646054884,-0.0338337456764495,0.4101120371182162,1.3682717648408231,-0.2809132321815933,-0.6213940802789647,1.114330061286577,0,2,0
0.2215346907673059,-1.307972200510036,-0.3392830550371656,0.6649099662043687,-1.4287178953535833,0.3199123714682026,2.4167708328547035,2.2895863834832526,-1.8578003653115704,0.6537050558594922,-0.3700608252075853,-1.5998032207102502,-1.381359064544269,12,1,0
1.0825347655225088,-1.307972200510036,0.7740529578991624,0.6649099662043687,-0.4477308139082963,0.8537741035692741,-0.1470912259077552,1.2208131240697897,0.0466645367288273,0.6881420056899183,-1.0134738879169174,-0.1489496773392891,0.3926854506217201,9,1,0
-1.0699654213654983,0.8542261882667355,0.7740529578991624,-1.503963018795596,-0.8435677064213074,0.3609786585529004,0.2924279841658092,-0.0338337456764495,-0.5057756638630437,1.0066837916213554,-0.377812789818541,0.0974852483601867,0.0182376113786454,9,0,0
0.6520347281449074,0.8542261882667355,-1.4526190679734936,-1.503963018795596,-0.6714647096765209,0.9359066777386696,-1.5389020578073755,-0.3591125637588078,1.122469137881418,0.4126464070465133,1.327619424591737,2.5163419016276563,1.2059299839232072,0,2,0
1.5130348029001102,0.8542261882667355,-0.3392830550371656,0.6649099662043687,1.4970330493077977,-0.0907504993787753,0.3656811858447365,0.1055714620731325,-1.668807665109088,-1.214499472441096,-1.0134738879169174,-0.4599255808263237,-1.6998513778609607,10,1,0
0.2215346907673059,-1.307972200510036,-0.3392830550371656,0.6649099662043687,-2.289232879077519,-0.1318167864634731,0.8052003959183008,2.2895863834832526,-0.8110715641901305,-0.0952986029522647,-0.298355152556244,-1.5802304556489346,-0.7068406338316957,12,1,0
-0.2089653466102955,0.8542261882667355,0.7740529578991624,0.6649099662043687,0.0513678766515847,-0.7888773798186379,0.3656811858447365,-1.0096701999235245,-0.3313208636761371,0.5159572565377903,-0.9669621002511826,-0.3563440876400379,-0.0366460392134328,3,0,0
-1.5004654587431,0.8542261882667355,-0.3392830550371656,-1.503963018795596,1.5314536486567545,-0.7888773798186379,-0.5133572343023921,-1.1026070050899124,0.9480143376945116,-0.6893359875271056,0.2152125029195783,0.2979877839513793,0.3418894602028349,8,0,0
-1.0699654213654983,-1.307972200510036,0.7740529578991624,0.6649099662043687,0.843041661677607,0.8948403906539718,-0.5866104359813196,0.616723890488267,0.9189385376633604,-0.9045669239672656,1.5989381859751903,0.5273919184689158,0.183124739075998,9,0,0
-0.2089653466102955,0.8542261882667355,0.7740529578991624,0.6649099662043687,1.2388785541906164,-0.2139493606328687,-0.7331168393391743,-1.1490754076731065,-1.1599811645639435,-0.3019203019348176,-0.6743254361876009,1.3716983840531256,-1.060450489880756,5,0,0
-1.5004654587431,0.8542261882667355,-0.3392830550371656,-1.503963018795596,0.6881489646072972,0.032448361875318,-0.2935976292656099,-0.9167333947571364,1.2387723380060225,0.2060247080639592,-0.1316879134206942,0.9842189810964928,1.1674151414024512,8,0,0
-1.0699654213654983,0.8542261882667355,-1.4526190679734936,0.6649099662043687,0.2062605737218944,-0.0496842122940775,-1.1726360494127386,-0.7308597844243602,1.0933933378502672,0.3954279321313003,1.4497128672142907,1.3908988559608266,1.1686868579007776,1,2,0
-1.5004654587431,0.8542261882667355,-1.4526190679734936,0.6649099662043687,2.11660383758903,0.1556472231294114,-0.6598636376602469,-0.4985177715083899,1.980205238800376,-1.688007532609448,-0.137501886878911,0.9082387173154955,0.3002134938148081,17,0,0
-1.5004654587431,0.8542261882667355,0.7740529578991624,0.6649099662043687,0.7569901633052122,0.2788460843835048,-0.0738380242288277,-0.9167333947571364,1.9365915387536488,-0.7496006497303507,0.5291670696632883,1.1149478876129268,1.0134466082121618,2,0,0
0.2215346907673059,-0.2268730061216503,0.7740529578991624,0.6649099662043687,-1.704082690145243,2.0446964290255103,0.3656811858447365,2.2895863834832526,-1.1018295645016416,0.8861544672148653,0.2907941578763975,-0.0713184487617313,-0.6037225931959335,5,1,0
0.6520347281449074,0.8542261882667355,0.7740529578991624,-1.503963018795596,0.8602519613520853,-0.0496842122940775,0.5121875892025913,-1.0561386025067183,1.5295303383175336,2.013964574161303,2.294677009808474,0.4591484829453192,2.732898150842832,13,2,0
-1.0699654213654983,-1.307972200510036,-1.4526190679734936,0.6649099662043687,-0.7919368073978709,0.8948403906539718,0.7319471942393735,-0.8237965895907482,-0.5930030639564973,0.6881420056899183,0.5388570254269831,1.1098737671299184,-0.2004431241979344,1,1,0
0.6520347281449074,0.8542261882667355,-1.4526190679734936,-1.503963018795596,0.3955738701411593,-1.0352751023268247,-0.5133572343023921,0.1520398646563266,0.831711137569907,0.0037076278102093,1.273355672315046,-1.0563224567023706,0.6916569156890936,0,2,0
1.0825347655225088,0.8542261882667355,0.7740529578991624,-1.503963018795596,-0.6542544100020411,0.032448361875318,0.5121875892025913,0.616723890488267,-0.491237763847468,0.5159572565377903,-0.2809132321815933,-0.7108724862507523,-0.18093135963789,9,1,0
-1.0699654213654983,-1.307972200510036,-1.4526190679734936,0.6649099662043687,-0.378889615210383,-0.8299436669033358,0.2191747824868817,0.0126346569067444,0.7590216374920292,0.7656251428083752,0.1260649098935866,-1.0414518352557611,1.1009588706755968,15,0,0
-1.5004654587431,0.8542261882667355,-0.3392830550371656,0.6649099662043687,-0.7403059083744359,-1.2816728248350115,-0.8063700410181017,-1.0561386025067183,0.1775056368690071,0.1888062331487474,0.3062980870983088,-0.2393001150519927,0.2484727997114525,8,0,0
1.0825347655225088,0.8542261882667355,0.7740529578991624,0.6649099662043687,-0.3616793155359031,0.4020449456375982,1.6109856143865022,0.5237870853218789,-0.0987144634269281,0.4384741194193323,-0.0154084442563571,-0.7300675587006621,0.1351265249534325,7,1,0
0.6520347281449074,0.8542261882667355,0.7740529578991624,-1.503963018795596,-0.0346836217208084,-0.7478110927339402,-1.026129646054884,-0.8237965895907482,1.137007037896994,1.4715826143321002,1.6687058674737925,0.4116747886680347,1.929427667199913,13,2,0
0.6520347281449074,0.8542261882667355,-1.4526190679734936,0.6649099662043687,-0.0863145207442435,-0.3371482218869621,-0.3668508309445373,-0.8702649921739423,0.1629677368534319,0.4987387816225773,2.294677009808474,0.5157737327459364,0.4002067453403954,1,2,0
1.5130348029001102,0.8542261882667355,-1.4526190679734936,0.6649099662043687,0.843041661677607,0.7716415293998784,-0.6598636376602469,0.2449766698227146,-0.5784651639409215,-0.5085420009173717,-0.3526189048329347,0.7891597946204245,-0.6920160529369133,14,1,0
-1.5004654587431,0.8542261882667355,0.7740529578991624,0.6649099662043687,1.5314536486567545,-0.8299436669033358,-1.1726360494127386,-0.9167333947571364,1.8348262386446204,-1.4469488837964692,0.5136631404413771,0.5333679204774122,0.401732805138388,5,0,0
-1.0699654213654983,-1.307972200510036,-1.4526190679734936,0.6649099662043687,-1.1533531005619235,0.0735146489600158,-0.1470912259077552,0.663192293071461,0.6863321374141514,-0.7926468370183827,0.0136614230347271,-0.4596071298327195,0.0889995508212618,15,0,0
-1.5004654587431,0.8542261882667355,-0.3392830550371656,-1.503963018795596,0.0857884760005429,-0.2960819348022643,0.2191747824868817,-0.591454576674778,0.5991047373206985,-1.7654906697279056,-0.3797507809712801,-0.0782341594923983,-0.5500016548308965,8,0,0
-1.5004654587431,0.8542261882667355,-1.4526190679734936,-1.503963018795596,0.7397798636307338,0.3609786585529004,0.1459215808079543,-1.1026070050899124,1.137007037896994,-0.1986094524435412,0.1047470072134579,1.275696024514616,0.8086457498458922,17,0,0
0.2215346907673059,-1.307972200510036,-0.3392830550371656,-1.503963018795596,-0.7575162080489142,1.469768409839741,2.4259274830645694,2.2895863834832526,-1.07275376447049,0.2060247080639592,0.5194771138995936,-0.961736362826366,-0.8141735062904835,12,1,0
0.6520347281449074,0.8542261882667355,0.7740529578991624,0.6649099662043687,-0.946829504468179,-0.583545944395149,-0.9528764443759564,-1.1026070050899124,0.1484298368378561,1.2305239655191214,1.4032010795485563,0.9671170117122656,0.7731830269211201,13,2,0
-1.5004654587431,0.8542261882667355,-1.4526190679734936,0.6649099662043687,-0.6542544100020411,0.1967135102141092,-0.0005848225499004,-0.7308597844243602,1.863902038675771,-1.438339646338863,-1.2072730031908123,0.7439906486090273,0.4263677704488336,17,0,0
0.2215346907673059,-0.2268730061216503,-0.3392830550371656,0.6649099662043687,-0.6198338106530844,0.3609786585529004,0.2924279841658092,2.2895863834832526,-0.9128368642991592,1.4715826143321002,-0.3313010021528063,-1.1543637013038943,-0.2043854453427479,12,1,0
1.0825347655225088,0.8542261882667355,0.7740529578991624,0.6649099662043687,-0.0174733220463286,1.3465695485856477,1.2447196059918653,1.3137499292361776,-0.4766998638318927,-0.4396681012565201,-0.2809132321815933,-0.3272907419902257,-0.5852463692130985,7,1,0
-1.0699654213654983,-1.307972200510036,-1.4526190679734936,0.6649099662043687,-0.0346836217208084,0.032448361875318,-0.8063700410181017,-0.2197073560092257,-0.723844164096677,0.5676126812834282,-0.0696721965330477,0.5540958714998893,-0.370090105074739,1,0,0
0.6520347281449074,0.8542261882667355,0.7740529578991624,0.6649099662043687,-1.6008208920983713,1.059105538992763,-0.1470912259077552,-0.2197073560092257,0.5845668373051227,2.2205862731438573,1.610566132891624,1.2324949627222868,1.7969148080742534,13,2,0
-1.0699654213654983,-1.307972200510036,0.7740529578991624,-1.503963018795596,0.1374193750239795,1.469768409839741,0.5121875892025913,-0.637922979257972,-0.1277902634580791,-0.2158279273587536,-0.2227734975994248,1.664505580645578,-0.20972665463572,9,0,0
-1.5004654587431,0.8542261882667355,0.7740529578991624,0.6649099662043687,2.3575480330317333,0.0735146489600158,0.0726683791290269,-0.9167333947571364,1.4423029382240802,-0.4654958136293397,0.3954456801243011,0.7553195983797434,0.8615128214191952,2,0,0
-1.5004654587431,0.8542261882667355,-0.3392830550371656,0.6649099662043687,-0.5509926119551695,-0.583545944395149,-0.7331168393391743,0.0591030594899385,1.907515738722498,-0.1813909775283287,-0.0464163027001802,-0.4258968175097739,1.4374005539972452,8,0,0
1.0825347655225088,0.8542261882667355,0.7740529578991624,-1.503963018795596,0.5848871665604256,1.469768409839741,-0.3668508309445373,1.3602183318193717,0.0902782367755541,0.2576801328095983,-0.0599822407693529,0.3457189691377612,0.2096672791339354,7,1,0
-1.5004654587431,0.8542261882667355,0.7740529578991624,0.6649099662043687,2.099393537914552,0.3199123714682026,0.1459215808079543,-0.6843913818411661,0.3955741371026404,-0.0866893654946576,-1.077427595957303,0.733384823291762,0.279648021299008,2,0,0
0.6520347281449074,0.8542261882667355,0.7740529578991624,0.6649099662043687,-0.3616793155359031,0.6895089552304828,0.2191747824868817,0.1520398646563266,0.7008700374297272,0.5245664939953962,2.294677009808474,0.296981704263621,0.8998823249115714,5,2,0
-1.5004654587431,0.8542261882667355,0.7740529578991624,0.6649099662043687,1.7035566454015425,0.0735146489600158,-0.3668508309445373,-0.2197073560092257,1.0788554378346913,-0.8529114992216277,-0.0464163027001802,0.3226004344570467,0.3286636086202352,5,0,0
1.5130348029001102,-1.307972200510036,0.7740529578991624,0.6649099662043687,-0.1207351200932017,1.469768409839741,-0.0005848225499004,0.8025975008210432,-1.5525044649844837,-1.30059184701716,-0.4785883297609665,0.5858726184758131,-1.6482923575430792,11,1,0
1.5130348029001102,0.8542261882667355,0.7740529578991624,0.6649099662043687,-0.3616793155359031,0.1967135102141092,0.5854407908815187,0.0591030594899385,-2.0031793654673256,-0.0178154658338066,-0.6878913742567734,-0.258686515006037,-1.6599739819491397,5,1,0
0.2215346907673059,-0.2268730061216503,0.7740529578991624,0.6649099662043687,-2.478546175496785,1.551900984009137,2.0505048244600665,2.2895863834832526,-1.98864146545175,0.8344990424692273,-0.4921542678301392,-0.8327036216544873,-1.4627307530586409,4,1,0
-0.639465383987897,-1.307972200510036,0.7740529578991624,0.6649099662043687,-0.0346836217208084,-1.8976671311054785,-1.5389020578073755,-0.9167333947571364,-0.3894724637384392,-0.956222348712904,-0.5754878873979141,-0.8319921417171962,-0.7508238572952572,3,0,0
1.5130348029001102,-1.307972200510036,-0.3392830550371656,0.6649099662043687,1.342140352237488,0.9769729648233676,1.39122600934972,-0.3126441611756138,-0.0987144634269281,-0.5946343754934357,-0.7595970469081146,0.3390679621263049,-0.3728333792354156,10,1,0
-0.639465383987897,-0.2268730061216503,0.7740529578991624,-1.503963018795596,-1.4631384947025416,-2.472595150291248,-2.051674469559867,-0.4520493689251958,0.8462490375854828,-1.2919826095595537,-0.2460293914322922,-1.8422936526708733,-0.1110959565011972,11,0,0
1.0825347655225088,0.8542261882667355,-1.4526190679734936,0.6649099662043687,0.2923120720942877,-0.0086179252093797,-0.7331168393391743,0.7096606956546551,0.482801537196094,-0.7237729373575317,-0.3719988163603241,-0.3212003667375476,-0.0162985752402028,17,0,0
0.6520347281449074,0.8542261882667355,-1.4526190679734936,-1.503963018795596,0.8602519613520853,0.5663100939763894,-0.6598636376602469,-0.0338337456764495,1.267848138037174,0.0037076278102093,1.5931242125169731,0.8570465597229739,1.052733564321188,1,2,0
-0.639465383987897,-1.307972200510036,0.7740529578991624,-1.503963018795596,-1.0845119018640088,-2.5547277244606432,-0.5133572343023921,-0.8702649921739423,1.0061659377568135,-1.97211236871046,-0.5502940024123079,-2.2550574207349943,-0.4522611582452031,3,0,0
1.5130348029001102,0.8542261882667355,0.7740529578991624,-1.503963018795596,-0.6886750093509992,1.839364993602021,1.757492017744357,1.0349395137370134,-1.6251939650623612,-0.6376805627814677,-0.2809132321815933,-0.0118650328253875,-1.515652326767587,11,1,0
-0.639465383987897,-0.2268730061216503,0.7740529578991624,-1.503963018795596,1.3077197528885314,-1.733401982766687,-1.5389020578073755,-1.3349490180058827,0.540953137258396,-1.1972809975258838,-1.0929315251792144,-0.0430732301985871,-0.2510756082098916,5,0,0
-0.639465383987897,-0.2268730061216503,-1.4526190679734936,0.6649099662043687,1.4970330493077977,-2.1440648536136653,-0.2203444275866825,-1.5672910309218528,-0.2731692636138346,-0.3707942015956691,-0.4727743563027498,-1.3780834855855983,-0.3977226878455273,0,0,0
1.0825347655225088,-1.307972200510036,0.7740529578991624,0.6649099662043687,-0.3444690158614247,-0.5014133702257534,1.5377324127075749,0.8025975008210432,0.6863321374141514,-0.2674833521043921,-0.5754878873979141,-1.495130697338214,0.4070558470528132,9,1,0
0.2215346907673059,-0.2268730061216503,0.7740529578991624,0.6649099662043687,-2.220391680379604,1.1823044002468563,0.5121875892025913,1.5460919421521475,-1.8723382653271456,0.7914528551811953,0.0698631664641568,-0.3230371465756569,-1.362501325611936,5,1,0
-0.639465383987897,-0.2268730061216503,0.7740529578991624,0.6649099662043687,1.3765609515864463,-2.226197427783061,-2.124927671238795,-0.591454576674778,0.6863321374141514,-1.774099907185512,-0.6859533831040345,-1.3163676830251283,-0.5054007404967182,5,0,0
1.5130348029001102,-1.307972200510036,0.7740529578991624,0.6649099662043687,1.0323549580968718,-0.0907504993787753,1.757492017744357,0.1055714620731325,-1.828724565280419,-0.8270837868488081,-0.2828512233343325,-0.9525692679318308,-1.710769972368024,5,1,0
0.6520347281449074,0.8542261882667355,-1.4526190679734936,0.6649099662043687,-0.5165720126062112,-1.1584739635809185,-0.3668508309445373,-0.2661757585924197,0.1193540368067051,1.8245613500939637,1.773357389721696,-0.9833594983759248,1.05481372916488,0,2,0
-0.2089653466102955,-1.307972200510036,0.7740529578991624,-1.503963018795596,1.015144658422393,-1.199540250665616,-0.2203444275866825,-1.1490754076731065,-1.46527706489103,-1.1197978604074257,-0.4495184624698822,-0.4085985365027706,-1.539560596936132,1,0,0
0.6520347281449074,0.8542261882667355,-1.4526190679734936,0.6649099662043687,-1.6180311917728496,-1.1174076764962204,-0.2203444275866825,0.0591030594899385,1.2823860380527488,1.1444315909430574,0.7946718575885251,-1.1929360779041882,1.8543237242844377,0,2,0
-1.0699654213654983,0.8542261882667355,-1.4526190679734936,0.6649099662043687,-0.1551557194421584,0.0735146489600158,-0.1470912259077552,0.1520398646563266,0.4246499371337914,-0.6635082751542867,1.6241320709607965,-0.1083379921655559,-0.024092380637092,1,0,0
-1.5004654587431,0.8542261882667355,0.7740529578991624,0.6649099662043687,1.9272905411697652,-0.5014133702257534,0.1459215808079543,-0.544986174091584,1.0207038377723894,-0.6548990376966801,0.1938946002394499,-0.3009200450198674,0.4172840811750708,2,0,0
-1.0699654213654983,0.8542261882667355,0.7740529578991624,0.6649099662043687,-0.6886750093509992,0.237779797298807,-0.9528764443759564,0.4308502801554908,-0.2004797635359569,-0.8356930243064147,0.5756788573290234,0.2439036749114169,-0.5632093390349486,5,0,0
-0.2089653466102955,0.8542261882667355,-1.4526190679734936,-1.503963018795596,-0.2412072178145531,-1.199540250665616,-1.3191424527705935,-0.8237965895907482,-1.4216633648443036,-0.2760925895619986,-1.273164702383937,-0.0142511726647871,-1.2577482209068969,1,0,0
1.0825347655225088,-1.307972200510036,0.7740529578991624,0.6649099662043687,-0.2584175174890315,0.9359066777386696,0.8052003959183008,0.5237870853218789,-0.2150176635515326,0.9550283668757162,0.0136614230347271,-0.023684748774041,0.2767594081099509,7,1,0
0.6520347281449074,0.8542261882667355,-1.4526190679734936,0.6649099662043687,-1.118932501212967,0.1145809360447136,-0.2203444275866825,-0.1267705508428376,0.8898627376322096,1.6437673634842282,2.294677009808474,0.1978081461317519,1.7815270384444986,1,2,0
-0.639465383987897,-1.307972200510036,0.7740529578991624,0.6649099662043687,-1.5147693937259763,-1.199540250665616,-0.2935976292656099,-1.5208226283386588,0.1484298368378561,-1.989330843625672,0.0969950426025023,0.0413799733052139,-0.9254668672726322,3,0,0
-0.2089653466102955,0.8542261882667355,0.7740529578991624,0.6649099662043687,1.135616756143745,-0.8710099539880336,-0.5133572343023921,-0.544986174091584,-1.828724565280419,0.0510584338270442,-0.5774258785506533,-0.3737990621015846,-1.499519694617383,3,0,0
-0.639465383987897,-0.2268730061216503,0.7740529578991624,0.6649099662043687,0.5332562675369891,-2.102998566528968,-0.9528764443759564,-0.9167333947571364,0.2792709369780359,-1.180062522610671,-0.377812789818541,-1.4564792347840336,-0.4126926077686894,5,0,0
1.0825347655225088,-1.307972200510036,0.7740529578991624,-1.503963018795596,0.843041661677607,-0.1728830735481709,-0.4401040326234647,-0.1267705508428376,-0.2295555635671084,0.9894653167061424,-0.420448595178798,0.0149303436364411,0.2789939956712973,9,1,0
0.2215346907673059,-1.307972200510036,0.7740529578991624,0.6649099662043687,-0.1551557194421584,0.032448361875318,2.4259274830645694,2.010775967984088,-1.959565665420599,1.3854902397560362,-0.7344031619225083,-1.6908751811565816,-1.3130678885841156,5,1,0
0.2215346907673059,-1.307972200510036,0.7740529578991624,-1.503963018795596,-1.3942972960046267,1.2233706873315542,1.8307452194232845,2.2895863834832526,-0.4766998638318927,1.2219147280615157,-1.0406057640552626,-0.9726686278817366,0.1405585711391433,4,1,0
-0.639465383987897,-1.307972200510036,0.7740529578991624,0.6649099662043687,0.6537283652583405,-1.1584739635809185,-1.8319148645230847,-0.4055809663420018,0.1338919368222803,-0.0436431782066256,-0.7595970469081146,-0.0617615049465305,0.0890540529569049,3,0,0
0.6520347281449074,0.8542261882667355,0.7740529578991624,0.6649099662043687,-1.1533531005619235,0.5252438068916917,-1.0993828477338112,-0.8237965895907482,0.1048161367911293,1.4457549019592812,2.294677009808474,2.279828812120103,0.8414923702598203,5,2,0
-0.2089653466102955,0.8542261882667355,-1.4526190679734936,0.6649099662043687,-0.7230956086999559,0.032448361875318,-1.026129646054884,-0.591454576674778,-0.694768364065526,-1.1456255727802451,-1.4592118530468765,1.1676933700337937,-1.037777601453443,1,0,0
-1.0699654213654983,0.8542261882667355,-1.4526190679734936,0.6649099662043687,-0.0346836217208084,0.032448361875318,-0.2935976292656099,0.3843818775722968,0.2065814369001581,1.1186038785702384,0.9652150790295526,-0.249963094637906,0.7716933018802231,15,2,0
0.6520347281449074,0.8542261882667355,-1.4526190679734936,0.6649099662043687,-1.0845119018640088,-0.2960819348022643,-1.3923956544495208,0.1520398646563266,1.3405376381150518,1.1186038785702384,0.7733539549083968,0.174306317281611,1.8940012790322371,1,2,0
0.2215346907673059,-0.2268730061216503,0.7740529578991624,0.6649099662043687,-2.700128783805697,1.9214975677714168,2.4167708328547035,2.2895863834832526,-2.017717265482901,0.0510584338270442,0.4923452377612486,-0.7083527392812378,-1.657285209924105,5,1,0
-0.639465383987897,-1.307972200510036,0.7740529578991624,-1.503963018795596,-0.6370441103275627,-2.185131140698364,-2.271434074596649,-0.2661757585924197,0.8171732375543318,-1.6363521078638097,-0.9785900471676164,-1.4397992881460686,-0.3448011141365816,11,0,0
1.5130348029001102,-1.307972200510036,-1.4526190679734936,0.6649099662043687,-0.1035248204187233,0.1967135102141092,-0.1470912259077552,0.2449766698227146,-0.2586313635982594,-1.1542348102378517,0.0795531222278516,-0.0596095217937372,-0.7534944619417442,14,1,0
0.6520347281449074,0.8542261882667355,0.7740529578991624,0.6649099662043687,0.0857884760005429,0.0735146489600158,0.3656811858447365,-0.6843913818411661,1.1806207379437206,1.5490657514505584,1.8431250712202984,0.3226004344570467,2.027313502813988,1,2,0
1.0825347655225088,-1.307972200510036,0.7740529578991624,0.6649099662043687,-0.7230956086999559,1.30550326150095,2.0505048244600665,1.4066867344025658,0.2065814369001581,0.9550283668757162,-1.23052889702368,-0.6356236790247914,0.6840175330098587,7,1,0
0.6520347281449074,0.8542261882667355,-1.4526190679734936,0.6649099662043687,-0.5854132113041262,-1.3227391119197094,0.5121875892025913,-0.8702649921739423,1.5295303383175336,0.3696002197584813,1.445836884908813,-1.1344684754784795,1.5357587414535565,0,2,0
1.0825347655225088,-1.307972200510036,0.7740529578991624,0.6649099662043687,0.3267326714432443,0.032448361875318,0.8052003959183008,0.2449766698227146,-0.5493893639097704,-0.5688066631206161,-0.9223883037381868,-0.6068868308259027,-0.6957948676747988,7,1,0
1.0825347655225088,-1.307972200510036,-1.4526190679734936,0.6649099662043687,-0.0691042210697651,-0.0086179252093797,0.2924279841658092,0.663192293071461,0.2065814369001581,0.9722468417909292,-0.0173464354090959,-0.6942723932155896,0.693246561312002,17,1,0
-0.639465383987897,-1.307972200510036,0.7740529578991624,-1.503963018795596,1.651925746378106,-1.4870042602585003,-1.4656488561284482,-0.4985177715083899,0.9334764376789356,-0.9648315861705108,-0.5173481528157456,-0.6683517561401922,0.1545837873778335,11,0,0
-1.0699654213654983,0.8542261882667355,-1.4526190679734936,-1.503963018795596,0.0341575769771064,1.100171826077461,0.2924279841658092,-0.4055809663420018,0.0612024367444026,0.2662893702672043,-0.6084337369944764,1.174046467356195,0.1889564675897541,15,0,0
-0.639465383987897,-0.2268730061216503,0.7740529578991624,0.6649099662043687,1.3937712512609246,-2.2672637148677586,-1.9051680662020123,-1.5672910309218528,-0.4330861637851659,-1.7138352449822676,-0.2789752410288545,-0.4155795860786925,-1.116587689592614,5,0,0
-1.5004654587431,0.8542261882667355,-0.3392830550371656,-1.503963018795596,-0.0691042210697651,-0.2960819348022643,-0.0738380242288277,-0.0803021482596435,0.860786937601058,-2.0668139807441297,-0.8933184364471024,-0.3360358961991995,-0.5906784153988093,8,0,0
-1.5004654587431,0.8542261882667355,0.7740529578991624,0.6649099662043687,2.13381413726351,-0.2139493606328687,0.4389343875236639,0.1520398646563266,1.7039851385044409,-0.8012560744759892,-0.9960319675422667,-0.6311094614916328,0.8073922007261133,2,0,0
-1.0699654213654983,0.8542261882667355,-1.4526190679734936,-1.503963018795596,1.118406456469265,0.237779797298807,0.0726683791290269,-0.1732389534260316,0.9625522377100872,1.170259303315876,-0.3080451083199388,0.2039773762049139,1.5532539269948245,1,2,0
0.6520347281449074,0.8542261882667355,0.7740529578991624,-1.503963018795596,-1.0328810028405735,-0.2139493606328687,-0.9528764443759564,-0.7308597844243602,1.4132271381929296,1.7901244002635373,0.9729670436405086,0.965534555236356,2.4434918105807317,13,2,0
0.2215346907673059,-0.2268730061216503,0.7740529578991624,0.6649099662043687,-0.602623510978606,1.3876358356703455,0.8784535975972283,2.2895863834832526,-2.017717265482901,-0.2158279273587536,0.50784916698316,-0.6426368384066631,-1.7141672721564116,5,1,0
1.5130348029001102,-1.307972200510036,-0.3392830550371656,0.6649099662043687,-0.8091471070723507,0.5252438068916917,0.4389343875236639,0.3379134749891028,-0.7383820641122527,-1.0509239607465746,-0.2809132321815933,-0.092337598909138,-1.0288392512080595,10,1,0
-1.5004654587431,0.8542261882667355,-0.3392830550371656,-1.503963018795596,-0.602623510978606,-1.3227391119197094,0.0726683791290269,-0.9632017973403304,0.570028937289547,0.0166214839966194,0.3237400074729595,-0.8793914258153628,0.4826139744319771,8,0,0
0.6520347281449074,0.8542261882667355,0.7740529578991624,-1.503963018795596,-0.7230956086999559,-1.2406065377503137,-0.2935976292656099,0.1055714620731325,0.2211193369157339,1.7126412631450791,1.798551274707302,-1.3163676830251283,1.105736891233597,0,2,0
1.0825347655225088,0.8542261882667355,0.7740529578991624,0.6649099662043687,0.6537283652583405,1.469768409839741,0.9517067992761556,0.7096606956546551,0.0612024367444026,0.3351632699280552,-1.0270398259860902,0.2196700695910167,0.2244191905145263,5,1,0
1.5130348029001102,-1.307972200510036,0.7740529578991624,0.6649099662043687,1.135616756143745,1.3876358356703455,1.0982132026340103,-0.2197073560092257,-0.6075409639720725,0.4815203067073643,0.5698648838708068,0.7809146330469153,-0.3002547019380462,11,1,0
1.0825347655225088,-1.307972200510036,0.7740529578991624,-1.503963018795596,0.6881489646072972,1.3876358356703455,1.6842388160654296,1.639028747318536,0.7008700374297272,-0.6893359875271056,-1.030915808291568,-0.5832587556401503,0.1621414168536051,7,1,0
0.6520347281449074,0.8542261882667355,0.7740529578991624,0.6649099662043687,-0.4649411135827762,-1.2406065377503137,-0.2203444275866825,0.1985082672395206,1.267848138037174,0.9808560792485352,1.3043635307588692,-1.38836945267901,1.72700673542337,13,2,0
1.0825347655225088,0.8542261882667355,0.7740529578991624,0.6649099662043687,0.6881489646072972,-0.4192807960563577,0.1459215808079543,0.3379134749891028,0.5554910372739718,0.3609909823008754,-0.3971927013459305,-0.8173209347344302,0.672572084524917,7,1,0
0.6520347281449074,0.8542261882667355,0.7740529578991624,-1.503963018795596,0.309522371768766,-0.7478110927339402,-1.1726360494127386,-0.2197073560092257,0.6863321374141514,0.4901295441649714,1.1202543712486688,-0.1408969319315232,0.8658911596491493,13,2,0
0.6520347281449074,0.8542261882667355,-1.4526190679734936,-1.503963018795596,-0.0346836217208084,0.7716415293998784,-1.3923956544495208,-0.1732389534260316,0.1193540368067051,0.8000620926388013,1.9090167704134229,1.8517101817456705,0.5186580534702702,1,2,0
-1.0699654213654983,-1.307972200510036,-1.4526190679734936,0.6649099662043687,-0.4993617129317329,0.237779797298807,-0.4401040326234647,0.0126346569067444,-0.6220788639876482,0.1801969956911402,1.0427347251391106,0.3261281316535215,-0.4385629548203675,15,0,0
0.2215346907673059,-1.307972200510036,0.7740529578991624,0.6649099662043687,-2.426915276473349,-0.0496842122940775,1.2447196059918653,2.2895863834832526,-1.5234286649533324,1.4801918517897077,-0.4611464093863161,-1.611033884845639,-0.8375367551026027,5,1,0
-1.0699654213654983,0.8542261882667355,-1.4526190679734936,-1.503963018795596,0.9290931600500002,0.032448361875318,0.5121875892025913,0.3843818775722968,-0.1714039635048059,1.0239022665365671,-0.4030066748041476,-0.5798249901723049,0.3520268574323544,15,0,0
0.6520347281449074,0.8542261882667355,-1.4526190679734936,0.6649099662043687,-1.4287178953535833,0.3609786585529004,-1.0993828477338112,-0.7308597844243602,0.3083467370091874,0.6020496311138543,2.294677009808474,1.8896058499845556,0.5879121004934428,0,2,0
-1.0699654213654983,0.8542261882667355,-1.4526190679734936,0.6649099662043687,0.8774622610265636,0.5252438068916917,0.9517067992761556,0.3379134749891028,0.7154079374453025,0.6795327682323112,1.565992336378628,-0.3026734771893754,1.0075240428056675,1,2,0
-1.5004654587431,0.8542261882667355,0.7740529578991624,-1.503963018795596,-0.8263574067468291,-1.3227391119197094,-0.5866104359813196,-0.8237965895907482,1.994743138815952,-0.0092062283762007,-0.6743254361876009,-0.655018095093177,1.6442543261393856,2,0,0
0.6520347281449074,0.8542261882667355,0.7740529578991624,-1.503963018795596,-1.2566148986087968,0.4020449456375982,-0.0005848225499004,-0.8237965895907482,1.57314403836426,1.7901244002635373,0.881881459461778,1.091242052817031,2.617353623280562,13,2,0
0.2215346907673059,-1.307972200510036,0.7740529578991624,0.6649099662043687,-0.3444690158614247,1.1823044002468563,0.5854407908815187,2.2895863834832526,-1.4362012648598792,0.6364865809442792,0.2656002728907909,-0.6946938669891733,-0.9976640296205036,4,1,0
-0.639465383987897,-1.307972200510036,0.7740529578991624,-1.503963018795596,-0.8435677064213074,-2.3083300019524566,-2.124927671238795,-1.0561386025067183,0.2938088369936116,0.0037076278102093,-0.2809132321815933,-1.0021781427172805,0.2463290490428441,3,0,0
-1.0699654213654983,0.8542261882667355,-1.4526190679734936,0.6649099662043687,1.118406456469265,0.5663100939763894,0.2191747824868817,0.1985082672395206,-0.665692564034375,-0.3191387768500306,-0.3933167190404528,0.1464051109958387,-0.680207256881021,15,0,0
1.5130348029001102,-1.307972200510036,0.7740529578991624,0.6649099662043687,1.7035566454015425,1.3465695485856477,-0.7331168393391743,-0.591454576674778,-0.1277902634580791,-0.4224496263413077,-0.784790931893721,2.5717278782844883,-0.3104466013032089,5,1,0
-1.5004654587431,0.8542261882667355,-1.4526190679734936,0.6649099662043687,0.894672560701042,-0.0496842122940775,0.5854407908815187,-1.1026070050899124,1.747598838551167,-0.7323821748151376,-0.5347900731903963,0.4591484829453192,0.8907259661236185,17,0,0
1.5130348029001102,0.8542261882667355,-0.3392830550371656,0.6649099662043687,0.2751017724198094,1.7161661323479278,0.1459215808079543,-0.591454576674778,-1.33443596475085,0.7484066678931633,-0.0929280903659152,2.166717923981403,-0.8691116590182039,10,1,0
1.0825347655225088,-1.307972200510036,0.7740529578991624,0.6649099662043687,-0.2756278171635098,0.8127078164845762,-0.2203444275866825,1.1278763189034011,0.4101120371182162,-0.0780801280370517,-1.4030101096174468,-0.0945876542108216,0.2963620095627324,5,1,0
-1.5004654587431,0.8542261882667355,-1.4526190679734936,0.6649099662043687,0.6193077659093823,-0.583545944395149,-0.0005848225499004,-0.4055809663420018,1.035241737787965,-1.214499472441096,0.2869181755709193,-0.4258968175097739,0.0606766076656684,17,0,0
-0.2089653466102955,0.8542261882667355,0.7740529578991624,-1.503963018795596,1.2388785541906164,0.0735146489600158,-0.2203444275866825,-1.613759433505047,-1.7851108652336924,-0.0694708905794446,-1.2402188527873748,2.039540885190579,-1.4928704340689878,3,0,0
-0.639465383987897,-1.307972200510036,-1.4526190679734936,0.6649099662043687,0.6193077659093823,-1.8976671311054785,-0.7331168393391743,-0.4985177715083899,0.2938088369936116,-0.8873484490520532,-0.2750992587233766,-1.5474431298213072,-0.2425551076711014,0,0,0
-0.639465383987897,-0.2268730061216503,0.7740529578991624,-1.503963018795596,-1.308245797632232,-1.733401982766687,-0.4401040326234647,-0.591454576674778,-0.5639272639253458,-1.6277428704062036,-1.375878233479101,-1.4047334912367104,-1.1557747251196289,11,0,0
0.2215346907673059,-1.307972200510036,-1.4526190679734936,-1.503963018795596,-2.375284377449912,-0.0086179252093797,0.8052003959183008,2.2895863834832526,-0.3313208636761371,0.6623142933170993,-0.2809132321815933,-1.5026237578184036,0.0303734202483934,6,1,0
0.6520347281449074,0.8542261882667355,-1.4526190679734936,0.6649099662043687,-1.0500913025150522,0.8127078164845762,-0.0005848225499004,-0.2661757585924197,1.0933933378502672,0.5590034438258223,2.294677009808474,0.9249547307551133,1.2774186185077254,0,2,0
-1.5004654587431,0.8542261882667355,0.7740529578991624,-1.503963018795596,2.013342039542158,-0.7888773798186379,-0.8063700410181017,-0.544986174091584,0.6281805373518495,0.2404616578943853,-0.2964171614035052,-0.1026235660025496,0.6645421032069102,2,0,0
0.6520347281449074,0.8542261882667355,-1.4526190679734936,-1.503963018795596,-1.6524517911218064,-0.37821450897166,-0.3668508309445373,-0.3126441611756138,0.744483737476454,1.0497299789093877,1.1280063358596246,-0.0885480320852494,1.2617765055783046,1,2,0
-1.5004654587431,0.8542261882667355,0.7740529578991624,-1.503963018795596,0.3783635704666809,-1.0763413894115226,-0.2935976292656099,-0.0338337456764495,0.7880974375231803,-0.6118528504086481,-0.6394415954382995,-1.0707145865589434,0.273652786378324,5,0,0
0.6520347281449074,0.8542261882667355,-1.4526190679734936,0.6649099662043687,-0.0346836217208084,0.032448361875318,-1.1726360494127386,-0.9167333947571364,0.8753248376166338,2.3411155975503477,2.1764595494913976,1.811145804475878,2.2074975632483578,0,2,0
-1.0699654213654983,-1.307972200510036,-1.4526190679734936,-1.503963018795596,-0.1895763187911166,1.1412381131621587,1.171466404312938,-0.1732389534260316,0.7299458374608783,-0.7151636998999252,0.7365321230063565,0.484281615209764,0.1674826261465778,1,0,0
1.0825347655225088,0.8542261882667355,0.7740529578991624,0.6649099662043687,0.7053592642817771,-0.2550156477175666,0.2191747824868817,1.1743447214865954,-0.4476240638007417,1.0152930290789612,-0.6491315512019943,-1.12436296394811,0.0786441450491718,17,1,0
0.6520347281449074,0.8542261882667355,-1.4526190679734936,-1.503963018795596,0.0857884760005429,-1.199540250665616,-1.245889251091666,-0.8702649921739423,1.485916638270807,0.0037076278102093,2.294677009808474,-0.0142511726647871,1.2332718886372351,0,2,0
1.0825347655225088,0.8542261882667355,0.7740529578991624,0.6649099662043687,-0.3960999148848613,-0.3371482218869621,1.8307452194232845,2.057244370567282,0.860786937601058,-0.0264247032914125,-1.4301419857557922,-1.822016474458071,0.6967165306145799,9,1,0
-0.2089653466102955,0.8542261882667355,-1.4526190679734936,0.6649099662043687,0.2234708733963727,-1.199540250665616,-1.1726360494127386,-0.6843913818411661,-0.694768364065526,-0.8098653119335957,-0.6646354804239062,-0.2704472396318982,-0.9017402708895624,1,0,0
1.5130348029001102,0.8542261882667355,-0.3392830550371656,0.6649099662043687,-0.1207351200932017,1.3465695485856477,1.0982132026340103,0.8490659034042372,-0.8837610642680083,-0.7496006497303507,-0.7014573123259461,-0.0203358292552559,-1.0131244687644487,10,1,0
1.5130348029001102,0.8542261882667355,-1.4526190679734936,0.6649099662043687,0.1718399743729362,0.1145809360447136,1.903998421102212,0.570255487905073,-1.72695926517139,-0.7065544624423187,-0.1685097453227342,-1.0482231615554995,-1.6080152793032123,14,1,0
-0.2089653466102955,-1.307972200510036,-1.4526190679734936,-1.503963018795596,-0.0863145207442435,-1.1584739635809185,-1.245889251091666,-1.0561386025067183,-0.7965336641745547,-0.5429789507477972,-0.4030066748041476,0.2827163952580972,-0.8697838520244631,1,0,0
0.2215346907673059,-0.2268730061216503,-0.3392830550371656,-1.503963018795596,-0.3960999148848613,0.5663100939763894,0.4389343875236639,2.1966495783168645,-1.5525044649844837,0.8689359922996522,-0.2712232764178986,-1.019360383202866,-1.0393944981441727,12,1,0
-1.5004654587431,0.8542261882667355,0.7740529578991624,0.6649099662043687,0.3611532707922026,0.032448361875318,-0.8063700410181017,-1.0096701999235245,0.5118773372272449,0.0596676712846514,-1.0580476844299134,1.5792710533255767,0.4593415625125954,2,0,0
0.6520347281449074,0.8542261882667355,0.7740529578991624,0.6649099662043687,-0.0346836217208084,0.9769729648233676,0.2924279841658092,0.1520398646563266,0.2356572369313096,1.2305239655191214,2.294677009808474,0.5253617933846905,0.8609314653056744,13,2,0
-1.5004654587431,0.8542261882667355,0.7740529578991624,-1.503963018795596,-0.0346836217208084,-0.4192807960563577,-1.3923956544495208,-1.1026070050899124,1.5295303383175336,-1.171453285153064,0.2190884852250562,1.694206310627804,0.413832279251041,2,0,0
1.5130348029001102,-1.307972200510036,-0.3392830550371656,-1.503963018795596,0.3439429711177242,0.237779797298807,-0.6598636376602469,0.1520398646563266,-1.218132764626246,-1.3780749841356177,0.343119919000349,0.3261281316535215,-1.4602781569547252,10,1,0
-1.0699654213654983,0.8542261882667355,0.7740529578991624,0.6649099662043687,0.7053592642817771,1.2233706873315542,1.2447196059918653,0.3379134749891028,-0.0987144634269281,0.0252307214542253,0.2500963436688794,0.1478515105469411,-0.0680574367221066,9,1,0
1.5130348029001102,-1.307972200510036,0.7740529578991624,-1.503963018795596,1.342140352237488,-0.4192807960563577,-0.0738380242288277,-0.4985177715083899,-1.915951965373872,-1.2747641346443412,-0.9979699586950058,-0.1340228339719113,-1.8744943878383356,10,1,0
1.0825347655225088,-1.307972200510036,0.7740529578991624,0.6649099662043687,-0.310048416512468,0.4020449456375982,-0.8063700410181017,1.4531551369857596,-0.1423281634736549,0.7570159053507693,-0.7983568699628937,-0.4047232294547195,0.2508708936797256,9,1,0
-1.0699654213654983,-1.307972200510036,-1.4526190679734936,0.6649099662043687,-0.9296192047937006,0.5663100939763894,-0.8796232426970291,0.663192293071461,0.570028937289547,0.0037076278102093,-0.2247114887521639,0.3324067853793575,0.4750109265098372,1,0,0
-0.639465383987897,-1.307972200510036,0.7740529578991624,-1.503963018795596,0.0341575769771064,-2.5957940115453413,-0.2935976292656099,-1.5208226283386588,1.2969239380683246,-0.7323821748151376,-0.2809132321815933,-2.056957313750769,0.5657660660440069,11,0,0
-1.0699654213654983,-1.307972200510036,0.7740529578991624,0.6649099662043687,0.2751017724198094,-0.0086179252093797,-0.4401040326234647,0.4773186827386849,0.1048161367911293,-0.9045669239672656,-0.0367263469364854,-0.2888829701264909,-0.3835521325784566,5,0,0
0.2215346907673059,-1.307972200510036,-0.3392830550371656,0.6649099662043687,-1.5836105924238917,1.7161661323479278,0.2924279841658092,1.68549714990173,-0.5348514638941947,0.1715877582335343,-0.344866940221979,0.0590130597510627,-0.3678010153777508,12,1,0
-1.5004654587431,0.8542261882667355,-0.3392830550371656,0.6649099662043687,2.0649729385655955,-0.8299436669033358,-1.3923956544495208,-0.3126441611756138,1.5440682383331097,-0.6204620878662547,0.4400194766372966,-0.0150023648364499,0.8256867509234727,8,0,0
-0.2089653466102955,0.8542261882667355,0.7740529578991624,-1.503963018795596,1.0839858571203085,-0.5424796573104511,0.2191747824868817,-1.0096701999235245,-1.3198980647352747,0.2318524204367794,-0.7537830734498978,0.0189378632832247,-1.0179206567009955,5,0,0
-0.639465383987897,-0.2268730061216503,0.7740529578991624,0.6649099662043687,-0.6370441103275627,-2.5957940115453413,-2.271434074596649,-0.3591125637588078,0.3083467370091874,-2.049595505828917,-1.4204520299920975,-2.0025021938444727,-0.8725271261851391,5,0,0
1.0825347655225088,-1.307972200510036,-1.4526190679734936,0.6649099662043687,-0.0174733220463286,0.1145809360447136,0.4389343875236639,1.0814079163202073,-0.3313208636761371,-0.9303946363400852,0.0562972283949841,-0.858944675812232,-0.6989559915420688,17,1,0
-1.0699654213654983,-1.307972200510036,0.7740529578991624,0.6649099662043687,-0.7575162080489142,0.2788460843835048,0.6586939925604461,0.663192293071461,0.8462490375854828,0.3609909823008754,0.8469976187124766,-0.5852727911549438,0.928368774474094,5,1,0
-0.2089653466102955,-1.307972200510036,0.7740529578991624,-1.503963018795596,0.0857884760005429,-0.37821450897166,-0.7331168393391743,-1.1955438102563003,-1.407125464828728,0.1543692833183213,-0.9805280383203552,1.2026801454289897,-1.1164060158071385,5,0,0
-0.2089653466102955,0.8542261882667355,0.7740529578991624,0.6649099662043687,1.342140352237488,-0.7067448056492424,-1.4656488561284482,-1.1955438102563003,0.1338919368222803,-0.9303946363400852,-0.6375036042855607,1.4739959802826843,-0.3768847046515146,5,0,0
0.2215346907673059,-1.307972200510036,0.7740529578991624,-1.503963018795596,-1.1533531005619235,0.6895089552304828,2.4259274830645694,2.2895863834832526,-0.8110715641901305,-0.4310588637989136,-0.2809132321815933,-1.395745707997154,-0.8372097422887473,5,1,0
-1.0699654213654983,0.8542261882667355,-1.4526190679734936,0.6649099662043687,-0.0518939213952868,-0.3371482218869621,-1.026129646054884,-0.2661757585924197,0.570028937289547,-0.4827142885445522,1.5117285841019374,0.3123620029385426,0.1886294547758987,15,0,0
0.2215346907673059,-1.307972200510036,-0.3392830550371656,0.6649099662043687,-1.3254560973067118,-0.0907504993787753,0.1459215808079543,2.2895863834832526,-0.781995764158979,0.0941046211150762,-0.4669603828445329,-1.420268970880097,-0.608845793946336,12,1,0
0.6520347281449074,0.8542261882667355,0.7740529578991624,0.6649099662043687,-0.1723660191166382,-1.1174076764962204,0.2924279841658092,-0.4520493689251958,0.0175887366976763,2.031183049076516,1.6628918940155757,-1.085391709085943,1.048745824730006,13,2,0
1.5130348029001102,-1.307972200510036,0.7740529578991624,0.6649099662043687,1.135616756143745,1.30550326150095,0.9517067992761556,0.7561290982378491,-0.5057756638630437,-0.2502648771891797,-0.00959447079814,0.062254435935961,-0.525512028548831,5,1,0
-0.2089653466102955,0.8542261882667355,0.7740529578991624,-1.503963018795596,0.894672560701042,-0.2550156477175666,-1.026129646054884,-1.1955438102563003,0.0030508366821006,-0.0264247032914125,-1.4863437291852215,1.70125872276741,-0.009649314691808,3,0,0
0.6520347281449074,0.8542261882667355,0.7740529578991624,0.6649099662043687,-0.5337823122806912,0.6895089552304828,0.5121875892025913,-0.0803021482596435,1.500454538286382,1.7556874504331113,2.294677009808474,0.3345300354674468,2.5133998832316133,13,2,0
1.5130348029001102,0.8542261882667355,0.7740529578991624,0.6649099662043687,0.5160459678625108,1.30550326150095,0.4389343875236639,0.663192293071461,-0.7965336641745547,0.6020496311138543,0.4516474235537302,0.3436416204911386,-0.4227755028625667,5,1,0
-1.0699654213654983,0.8542261882667355,0.7740529578991624,-1.503963018795596,-0.9984604034916156,1.2233706873315542,-0.7331168393391743,0.2914450724059087,-0.6366167640032235,-0.1813909775283287,-0.2809132321815933,1.250530357451123,-0.6005251345715688,9,0,0
0.2215346907673059,-1.307972200510036,0.7740529578991624,0.6649099662043687,-0.9812501038171372,-0.0907504993787753,2.343517631175776,1.639028747318536,-1.959565665420599,-0.3621849641380626,0.2578483082798353,-1.649065515218927,-1.7003055623246488,4,1,0
-0.2089653466102955,0.8542261882667355,0.7740529578991624,0.6649099662043687,-0.6714647096765209,0.032448361875318,0.1459215808079543,-1.2884806154226889,-0.5784651639409215,0.0037076278102093,-0.2809132321815933,1.1050251631128225,-0.4758242482213449,5,0,0
-1.5004654587431,0.8542261882667355,0.7740529578991624,0.6649099662043687,1.9789214401932005,-1.199540250665616,-0.0738380242288277,-1.1026070050899124,0.3374225370403384,-2.092641693116949,-0.463084400539055,-0.5366412018952864,-0.8810112919668343,2,0,0
-0.639465383987897,-1.307972200510036,0.7740529578991624,0.6649099662043687,-0.310048416512468,-1.404871686089105,-0.7331168393391743,-1.0561386025067183,-0.1859418635203816,-1.9635031312528533,0.06404919300594,-0.4640224098251224,-1.0931881060233994,3,0,0
1.0825347655225088,0.8542261882667355,-1.4526190679734936,0.6649099662043687,-0.4133102145593397,-0.2960819348022643,0.8784535975972283,2.010775967984088,0.0757403367599783,1.0497299789093877,-0.8022328522683716,-1.6150416904782674,0.6065881656402999,17,1,0
-1.5004654587431,0.8542261882667355,-0.3392830550371656,0.6649099662043687,1.3077197528885314,0.237779797298807,-0.9528764443759564,-0.4055809663420018,0.2501951369468849,-1.2919826095595537,-0.2770372498761156,1.1232216887769846,-0.492465566970879,8,0,0
-0.639465383987897,-1.307972200510036,0.7740529578991624,0.6649099662043687,-1.48034879437702,-1.1584739635809185,-1.3923956544495208,-0.9632017973403304,0.3664983370714894,-1.7482721948126931,-0.9689000914039214,0.2827163952580972,-0.6732128161402233,5,0,0
-0.2089653466102955,-1.307972200510036,-1.4526190679734936,0.6649099662043687,0.3611532707922026,-0.8710099539880336,-0.5133572343023921,-1.1955438102563003,-1.8432624652959944,0.5245664939953962,-1.5464214549201294,0.2949151622022806,-1.398745245814252,1,0,0
-0.639465383987897,-1.307972200510036,-1.4526190679734936,0.6649099662043687,-1.5491899930749349,-1.5691368344278962,-1.8319148645230847,-0.6843913818411661,0.4537257371649429,-0.2847018270196051,-0.3952547101931916,-0.3620755717915904,0.213791274064224,0,0,0
-0.639465383987897,-1.307972200510036,0.7740529578991624,0.6649099662043687,-0.8607780060957858,-1.8566008440207808,-2.051674469559867,-0.3126441611756138,1.0933933378502672,-0.0608616531218386,0.0233513787984219,-1.0283606044096014,0.8653824730498184,5,0,0
1.0825347655225088,0.8542261882667355,0.7740529578991624,0.6649099662043687,0.1546296746984579,0.032448361875318,1.6842388160654296,2.057244370567282,0.2356572369313096,-0.7926468370183827,-1.4185140388393584,-1.5745809259218078,-0.2320180281135356,7,1,0
-0.639465383987897,-1.307972200510036,0.7740529578991624,0.6649099662043687,-1.4631384947025416,-1.733401982766687,-0.3668508309445373,-0.6843913818411661,-0.3313208636761371,-1.5760874456605651,-0.7944808876574158,-1.3759553544628238,-0.9946300774030672,3,0,0
0.6520347281449074,0.8542261882667355,-1.4526190679734936,-1.503963018795596,-1.0500913025150522,-0.0907504993787753,-1.5389020578073755,-0.8237965895907482,0.3374225370403384,0.3696002197584813,1.9555285580791577,1.872887172820341,0.4855025876210336,0,2,0
-0.639465383987897,-1.307972200510036,-1.4526190679734936,-1.503963018795596,-0.9984604034916156,-1.651269408597292,-0.7331168393391743,-0.6843913818411661,1.485916638270807,0.0252307214542253,-0.3002931437089829,-1.1161676405728715,1.248804997295371,0,0,0
0.6520347281449074,0.8542261882667355,0.7740529578991624,0.6649099662043687,0.4644150688390742,-1.0352751023268247,0.2924279841658092,-0.2197073560092257,0.8171732375543318,1.6782043133146545,2.294677009808474,-1.1370425208682908,1.7255533451395688,5,2,0
-1.0699654213654983,0.8542261882667355,-1.4526190679734936,0.6649099662043687,-1.1017222015384889,0.6073763810610873,1.024960000955083,-0.3591125637588078,-0.6075409639720725,-0.3191387768500306,-0.2809132321815933,0.2205196479940124,-0.634788810512204,1,0,0
-0.639465383987897,-0.2268730061216503,0.7740529578991624,0.6649099662043687,0.997934358747915,-2.472595150291248,-1.3923956544495208,-0.4055809663420018,0.9044006376477848,0.1974154706063533,-1.1026214809429091,-2.103830075189101,0.87528369435822,5,0,0
-1.0699654213654983,0.8542261882667355,0.7740529578991624,0.6649099662043687,0.8602519613520853,-0.583545944395149,0.6586939925604461,-0.0803021482596435,-0.6802304640499502,-0.3880126765108816,-0.2809132321815933,-0.9146735996929456,-0.7196123009506064,9,0,0
-1.5004654587431,0.8542261882667355,0.7740529578991624,-1.503963018795596,0.7225695639562555,0.237779797298807,0.2924279841658092,-0.2661757585924197,0.9770901377256626,-0.2330464022739666,-0.2809132321815933,0.1648115784261541,0.6586377051789641,5,0,0
-1.5004654587431,0.8542261882667355,-0.3392830550371656,0.6649099662043687,2.495230430427563,-1.3638053990044072,-1.3191424527705935,-0.7308597844243602,0.2938088369936116,-2.247607967353864,-1.0968075074846924,-0.357659188455634,-0.9888710184035004,8,0,0
0.2215346907673059,-1.307972200510036,-1.4526190679734936,0.6649099662043687,-0.6370441103275627,0.9769729648233676,2.4259274830645694,2.2895863834832526,-0.5348514638941947,-0.5171512383749777,0.4555234058592085,-1.23584752819739,-0.6628392429895852,6,1,0
-1.0699654213654983,-1.307972200510036,0.7740529578991624,0.6649099662043687,-0.0346836217208084,-0.6656785185645445,-0.5866104359813196,0.570255487905073,-0.7674578641434038,0.7484066678931633,-0.6375036042855607,-0.9116009779438468,-0.3384243642663997,9,0,0
0.6520347281449074,0.8542261882667355,0.7740529578991624,0.6649099662043687,-0.378889615210383,-0.7067448056492424,-1.245889251091666,-0.591454576674778,0.744483737476454,0.6020496311138543,2.294677009808474,0.3555695136130618,0.9868677333971309,5,2,0
-1.0699654213654983,0.8542261882667355,-1.4526190679734936,0.6649099662043687,0.1718399743729362,1.30550326150095,0.9517067992761556,0.1520398646563266,0.5118773372272449,-0.8701299741368401,-0.3971927013459305,0.4819204175986514,-0.0802295803489496,15,0,0
-0.2089653466102955,-1.307972200510036,0.7740529578991624,0.6649099662043687,-0.0346836217208084,-0.1318167864634731,-0.8063700410181017,-1.2420122128394946,-0.5493893639097704,0.0037076278102093,-0.4708363651500109,1.726489712782398,-0.4517524716458719,3,0,0
-1.0699654213654983,0.8542261882667355,0.7740529578991624,0.6649099662043687,-0.2928381168379882,1.264436974416252,0.8784535975972283,0.663192293071461,0.5845668373051227,-0.5774159005782227,-0.2809132321815933,0.1193367765394918,0.1436833602493177,9,0,0
0.2215346907673059,-0.2268730061216503,0.7740529578991624,-1.503963018795596,-0.8779883057702641,2.2500278644489997,2.4259274830645694,1.824902357651312,-0.8546852642368568,-0.0264247032914125,0.5718028750235457,-0.3389926493145151,-0.7160151599981961,4,1,0
0.6520347281449074,0.8542261882667355,-1.4526190679734936,-1.503963018795596,-1.2566148986087968,-1.2816728248350115,-0.1470912259077552,-0.0803021482596435,0.6427184373674247,1.9881368617884845,0.7384701141590954,-1.3079791273372976,1.7244633024267164,1,2,0
-1.0699654213654983,-1.307972200510036,-1.4526190679734936,0.6649099662043687,-1.1705634002364036,0.032448361875318,1.2447196059918653,0.0591030594899385,-0.781995764158979,0.9464191294181103,-0.1161839841987824,-0.6597115437817264,-0.2743116853721778,1,1,0
-1.5004654587431,0.8542261882667355,-1.4526190679734936,0.6649099662043687,-0.7747265077233926,-0.0907504993787753,-0.2203444275866825,0.1985082672395206,1.6458335384421376,-2.049595505828917,-0.9960319675422667,-0.2683419247297379,-0.1638540238032156,17,0,0
-0.2089653466102955,-1.307972200510036,0.7740529578991624,0.6649099662043687,0.3267326714432443,-1.0763413894115226,-1.245889251091666,-1.2884806154226889,-0.8546852642368568,0.6278773434866733,-0.3002931437089829,0.7600704482835914,-0.4661047006984178,3,0,0
-1.0699654213654983,0.8542261882667355,0.7740529578991624,0.6649099662043687,0.0513678766515847,1.0180392519080652,-0.5866104359813196,-0.544986174091584,-0.781995764158979,-0.5860251380358292,1.2132779465801389,1.9510229674751625,-0.8757972543236939,9,0,0
1.0825347655225088,0.8542261882667355,0.7740529578991624,-1.503963018795596,0.0857884760005429,0.4841775198069938,1.171466404312938,-0.0803021482596435,0.540953137258396,-0.8615207366792336,-0.4010686836514084,-0.1595789209825977,-0.0548134177609598,5,1,0
0.6520347281449074,0.8542261882667355,0.7740529578991624,0.6649099662043687,-0.2928381168379882,-0.6246122314798468,-1.1726360494127386,-1.0561386025067183,0.4101120371182162,1.3682717648408231,2.294677009808474,1.0469845209081678,1.114330061286577,13,2,0
-1.5004654587431,0.8542261882667355,0.7740529578991624,0.6649099662043687,0.1718399743729362,0.4841775198069938,0.5854407908815187,-0.9167333947571364,1.151544937912569,-0.1986094524435412,-1.2130869766490295,0.866422807534657,0.8202547047377619,5,0,0
-1.5004654587431,0.8542261882667355,0.7740529578991624,-1.503963018795596,0.9463034597244784,-0.1318167864634731,-1.026129646054884,-1.1026070050899124,0.8171732375543318,-1.6793982951518416,-1.0444817463607408,1.726489712782398,-0.3716888343869212,5,0,0
1.5130348029001102,-1.307972200510036,-0.3392830550371656,0.6649099662043687,1.583084547680191,0.6895089552304828,0.3656811858447365,0.8025975008210432,-1.5815802650156348,-1.2489364222715216,-1.110373445553865,-0.2246199199011534,-1.6525798588802958,10,1,0
0.6520347281449074,0.8542261882667355,0.7740529578991624,-1.503963018795596,0.5160459678625108,-0.2550156477175666,0.1459215808079543,0.1520398646563266,0.1048161367911293,2.1000569487373677,2.184211514102353,-0.5526346263393107,1.1825304003539925,5,2,0
-0.639465383987897,-1.307972200510036,-1.4526190679734936,0.6649099662043687,-0.8435677064213074,-2.226197427783061,-1.9051680662020123,-0.8237965895907482,-0.1132523634425039,-1.5416504958301396,-1.319676490049672,-1.234079946277835,-0.8472381352469823,0,0,0
1.0825347655225088,-1.307972200510036,-1.4526190679734936,0.6649099662043687,0.0857884760005429,1.3465695485856477,0.0726683791290269,1.778433955068118,0.1775056368690071,-0.6893359875271056,-1.2615367554675034,-0.1801205783501717,-0.2185014984741756,17,1,0
-0.2089653466102955,0.8542261882667355,0.7740529578991624,-1.503963018795596,0.7569901633052122,0.1556472231294114,0.1459215808079543,-1.4743542257554647,-1.5670423650000591,-0.0952986029522647,-0.6975813300204681,1.5337802897674917,-1.3218427324225717,5,0,0
-1.5004654587431,0.8542261882667355,-1.4526190679734936,-1.503963018795596,1.118406456469265,-1.0352751023268247,0.2924279841658092,0.1520398646563266,0.4682636371805182,-0.5774159005782227,0.2849801844181804,-1.3315259503206824,0.0572066383630898,17,0,0
-1.0699654213654983,-1.307972200510036,0.7740529578991624,-1.503963018795596,1.06677555744583,0.443111232722296,-0.0005848225499004,-0.4520493689251958,-0.4185482637695902,0.2662893702672043,1.5601783629204111,0.7234350284064918,-0.2265133124136349,9,0,0
1.5130348029001102,-1.307972200510036,0.7740529578991624,0.6649099662043687,-0.5337823122806912,-0.0907504993787753,-0.2203444275866825,0.3379134749891028,-1.130905364532793,0.2921170826400232,-0.9553341533347488,-0.3667227211036605,-0.8345936397779038,5,1,0
-1.0699654213654983,0.8542261882667355,-1.4526190679734936,0.6649099662043687,-0.6542544100020411,-0.1728830735481709,0.7319471942393735,-0.3126441611756138,0.9044006376477848,1.0755576912822062,-0.2460293914322922,-0.4130727546400659,1.434911623136235,1,2,0
0.6520347281449074,0.8542261882667355,-1.4526190679734936,-1.503963018795596,-0.0346836217208084,0.237779797298807,0.2191747824868817,-0.591454576674778,0.744483737476454,0.8603267548420463,1.4109530441595115,0.5007491428790222,1.1454689481170384,0,2,0
1.5130348029001102,0.8542261882667355,0.7740529578991624,-1.503963018795596,1.118406456469265,0.7716415293998784,1.024960000955083,1.0349395137370134,-0.6802304640499502,-0.0780801280370517,-0.4340145332479707,-0.524851725711127,-0.5933853548023906,11,1,0
-0.2089653466102955,-1.307972200510036,0.7740529578991624,-1.503963018795596,-0.4133102145593397,-0.8299436669033358,0.0726683791290269,-0.9167333947571364,-0.3167829636605614,-0.8356930243064147,-1.362312295409929,-0.3247069464284834,-0.6453258900697696,5,0,0
-1.5004654587431,0.8542261882667355,0.7740529578991624,0.6649099662043687,1.4281918506098827,0.648442668145785,-1.026129646054884,-0.2197073560092257,1.1806207379437206,-0.4396681012565201,-0.7247132061588135,1.44260921780316,0.6801842161363311,5,0,0
-0.639465383987897,-0.2268730061216503,0.7740529578991624,0.6649099662043687,-0.3960999148848613,-1.2406065377503137,-1.612155259486303,-0.8237965895907482,-0.4476240638007417,0.0941046211150762,-0.4301385509424927,0.1537580018481598,-0.3276329414091691,11,0,0
0.6520347281449074,0.8542261882667355,-1.4526190679734936,0.6649099662043687,-0.8607780060957858,0.5252438068916917,-1.3191424527705935,0.1985082672395206,1.558606138348685,1.7384689755178993,1.3411853626609094,1.015560598668334,2.5637235218082632,0,2,0
1.0825347655225088,-1.307972200510036,0.7740529578991624,0.6649099662043687,0.0513678766515847,0.5663100939763894,-0.5866104359813196,0.0591030594899385,-0.5203135638786195,0.7570159053507693,-0.8196747726430224,0.7140822212143385,-0.1033929879970461,7,1,0
-0.2089653466102955,0.8542261882667355,0.7740529578991624,0.6649099662043687,1.2388785541906164,0.032448361875318,0.5121875892025913,-0.4520493689251958,-0.7965336641745547,-0.3277480143076371,-1.3022345696750213,-0.0037200362582063,-0.7857597262421517,16,0,0
1.5130348029001102,0.8542261882667355,0.7740529578991624,0.6649099662043687,1.1700373554927015,0.3199123714682026,-0.2203444275866825,-0.0338337456764495,-1.5961181650312102,-1.1370163353226386,-1.06386165788813,0.3277892317897258,-1.6312695238440469,5,1,0
1.5130348029001102,0.8542261882667355,0.7740529578991624,-1.503963018795596,-0.0002630223718502,-0.3371482218869621,1.2447196059918653,-0.0338337456764495,-1.7705729652181166,0.4212556445041192,0.3876937155133451,-0.9229921610136766,-1.3587951803882403,11,1,0
0.6520347281449074,0.8542261882667355,-1.4526190679734936,0.6649099662043687,-0.8435677064213074,-0.7888773798186379,-0.5133572343023921,-0.4055809663420018,1.1079312378658428,1.1788685407734834,2.294677009808474,-0.3953780140458052,1.703970499425106,0,2,0
0.6520347281449074,0.8542261882667355,-1.4526190679734936,0.6649099662043687,-0.7058853090254776,-0.1728830735481709,0.5854407908815187,-0.8702649921739423,1.1806207379437206,1.772905925348324,2.205529416782482,0.0966670464323019,2.1789384441716466,1,2,0
-0.639465383987897,-1.307972200510036,-1.4526190679734936,0.6649099662043687,0.2062605737218944,-0.994208815242127,-0.5866104359813196,-1.4743542257554647,1.398689238177354,-0.8959576865096597,-0.5037822147465729,0.5406331820779726,0.5231635633500565,0,0,0
-1.0699654213654983,-1.307972200510036,0.7740529578991624,0.6649099662043687,-1.118932501212967,0.032448361875318,0.9517067992761556,-0.4985177715083899,-0.491237763847468,-0.2416556397315732,0.1764526798647992,-0.1828352359970441,-0.5102695979474557,9,0,0
0.6520347281449074,0.8542261882667355,-1.4526190679734936,0.6649099662043687,-1.5147693937259763,-0.9120762410727312,-0.5133572343023921,-0.0803021482596435,0.1629677368534319,0.4901295441649714,1.517542557560154,-0.7785585464267458,0.3956467333249672,1,2,0
-0.2089653466102955,0.8542261882667355,0.7740529578991624,-1.503963018795596,1.04956525777135,-0.3371482218869621,0.3656811858447365,-1.5208226283386588,-1.5379665649689078,-0.8270837868488081,-1.0037839321532227,0.7397841187363566,-1.505115247210021,5,0,0
-1.0699654213654983,0.8542261882667355,0.7740529578991624,0.6649099662043687,-0.0518939213952868,0.7716415293998784,1.171466404312938,-0.4055809663420018,0.1775056368690071,0.0037076278102093,-0.0444783115474414,0.3358834521902641,0.1500419427409521,5,0,0
0.2215346907673059,-1.307972200510036,0.7740529578991624,-1.503963018795596,-2.478546175496785,1.9214975677714168,0.2924279841658092,2.2895863834832526,-1.058215864454915,0.8775452297572593,-0.2421534091268143,-0.1283384837360787,-0.5650624116467962,5,1,0
0.2215346907673059,-1.307972200510036,0.7740529578991624,0.6649099662043687,-2.495756475171264,1.3465695485856477,1.4644792110286473,1.731965552484924,-1.2035948646106704,0.9636376043333232,-0.0716101876857865,-0.5893254235932487,-0.6753383994302835,5,1,0
-0.639465383987897,-1.307972200510036,0.7740529578991624,0.6649099662043687,-1.6008208920983713,-1.0763413894115226,-0.8063700410181017,-0.6843913818411661,0.773559537507605,-0.7840375995607761,-0.094866081518654,-0.3350102299648135,0.1564550273682289,3,0,0
0.2215346907673059,-1.307972200510036,-0.3392830550371656,0.6649099662043687,-0.7575162080489142,0.3199123714682026,1.5377324127075749,1.731965552484924,-1.915951965373872,-0.0694708905794446,-0.7169612415478577,-1.2640027596404873,-1.5998036241997302,12,1,0
-0.2089653466102955,-1.307972200510036,0.7740529578991624,-1.503963018795596,0.8602519613520853,-1.199540250665616,-0.1470912259077552,-0.9632017973403304,0.1338919368222803,-0.5515881882054037,-0.9204503125854476,-0.616921920673134,-0.1778429052848112,16,0,0
1.5130348029001102,0.8542261882667355,-1.4526190679734936,0.6649099662043687,-0.5165720126062112,0.8127078164845762,1.4644792110286473,0.616723890488267,-1.247208564657397,-0.0350339407490197,0.5911827865509351,-0.4214885458983117,-1.0420651027906591,14,1,0
1.5130348029001102,-1.307972200510036,0.7740529578991624,-1.503963018795596,1.015144658422393,1.7161661323479278,0.3656811858447365,-0.3591125637588078,-1.4943528649221811,-0.4999327634597652,0.4593993881646862,1.6993987459393822,-1.3796876657178965,5,1,0
-1.0699654213654983,-1.307972200510036,0.7740529578991624,0.6649099662043687,-0.0346836217208084,0.237779797298807,-0.6598636376602469,0.0126346569067444,0.9480143376945116,0.7139697180627373,0.3082360782510482,0.4557575047826557,1.2450806846931275,5,0,0
-0.639465383987897,-1.307972200510036,0.7740529578991624,0.6649099662043687,0.7053592642817771,-1.3638053990044072,-0.2935976292656099,-1.3349490180058827,1.4713787382552317,-1.3952934590508306,-1.0154118790696565,-0.4056425965922449,0.2145361365846722,3,0,0
-1.0699654213654983,-1.307972200510036,0.7740529578991624,0.6649099662043687,1.221668254516138,0.6895089552304828,1.3179728076707926,0.1520398646563266,-0.0987144634269281,0.9464191294181103,0.0233513787984219,-0.1958401427865929,0.3848734778462831,5,1,0
-0.2089653466102955,-1.307972200510036,0.7740529578991624,0.6649099662043687,-0.2756278171635098,0.032448361875318,-0.2935976292656099,-0.8702649921739423,-0.1277902634580791,0.5159572565377903,-1.5638633752947797,0.925973143338619,0.1469898231449676,3,0,0
-1.0699654213654983,0.8542261882667355,0.7740529578991624,0.6649099662043687,0.2751017724198094,0.5663100939763894,0.1459215808079543,0.0126346569067444,-0.8256094642057058,0.1457600458607154,1.0097888755425488,0.3324067853793575,-0.6255779495886078,5,0,0
-0.2089653466102955,0.8542261882667355,0.7740529578991624,0.6649099662043687,-0.3272587161869464,0.1145809360447136,0.0726683791290269,-0.6843913818411661,-0.665692564034375,-0.7323821748151376,-1.4572738618941374,0.5510330525142574,-0.8493818859155903,5,0,0
-1.5004654587431,0.8542261882667355,0.7740529578991624,0.6649099662043687,-0.0174733220463286,0.648442668145785,-1.245889251091666,-0.4985177715083899,0.2211193369157339,0.0037076278102093,-0.3157970729308947,2.0522214390096454,0.1861496076041616,17,0,0
0.2215346907673059,-1.307972200510036,-1.4526190679734936,0.6649099662043687,-0.8091471070723507,1.30550326150095,1.3179728076707926,1.68549714990173,-0.4330861637851659,0.4384741194193323,0.343119919000349,-0.5543116861914973,-0.1628003158474589,6,1,0
1.0825347655225088,0.8542261882667355,0.7740529578991624,0.6649099662043687,0.3783635704666809,1.264436974416252,1.3179728076707926,1.3602183318193717,0.0175887366976763,-0.4913235260021587,-0.0696721965330477,-0.4299043371565575,-0.2341072766465008,7,1,0
0.2215346907673059,-1.307972200510036,-1.4526190679734936,0.6649099662043687,-0.2412072178145531,2.2089615773643017,0.8784535975972283,2.15018117573367,-0.5930030639564973,0.1285415709455023,0.3218020163202206,-0.0596095217937372,-0.4354381657101928,6,1,0
0.6520347281449074,0.8542261882667355,-1.4526190679734936,0.6649099662043687,0.5332562675369891,-1.0763413894115226,0.2924279841658092,-0.7308597844243602,1.5295303383175336,2.134493898567793,1.6221940798080574,-0.8616196641585065,2.820646589227386,0,2,0
0.6520347281449074,0.8542261882667355,-1.4526190679734936,0.6649099662043687,-1.1705634002364036,-0.6246122314798468,0.1459215808079543,0.0591030594899385,0.9916280377412384,2.3927710222959853,2.294677009808474,-0.8450833725633565,2.376817531311308,0,2,0
0.6520347281449074,0.8542261882667355,0.7740529578991624,0.6649099662043687,-0.3960999148848613,1.059105538992763,-0.5866104359813196,-1.1026070050899124,0.6136426373362737,1.9623091494156653,2.294677009808474,2.946137080484674,1.6766467620896257,5,2,0
1.5130348029001102,0.8542261882667355,-1.4526190679734936,0.6649099662043687,-0.6370441103275627,0.443111232722296,-0.2203444275866825,0.0591030594899385,-1.305360164719699,-0.3363572517652437,-0.1975796126138184,0.3705309202943881,-1.1852603805022648,14,1,0
-1.0699654213654983,0.8542261882667355,-1.4526190679734936,0.6649099662043687,-1.1533531005619235,1.2233706873315542,-1.0993828477338112,-0.544986174091584,-0.5930030639564973,0.7914528551811953,1.314053486522564,2.7337318600057228,-0.1570594242264403,1,2,0
-0.2089653466102955,-1.307972200510036,0.7740529578991624,0.6649099662043687,-0.310048416512468,-0.8299436669033358,0.2191747824868817,-0.6843913818411661,-1.639731865077937,0.2318524204367794,-0.3564948871384126,-0.5887708528385336,-1.2933017807244067,16,1,0
0.6520347281449074,0.8542261882667355,0.7740529578991624,0.6649099662043687,0.6881489646072972,-0.0496842122940775,-0.1470912259077552,0.1055714620731325,0.482801537196094,2.0828384738221555,1.847001053525776,-0.193947572906672,1.6005617807325845,5,2,0
0.2215346907673059,-1.307972200510036,0.7740529578991624,-1.503963018795596,-2.082709282983774,0.3199123714682026,1.39122600934972,2.2895863834832526,-1.668807665109088,1.1960870156886951,-0.6181236927581711,-1.4151129671218805,-1.063993128697524,5,1,0
-1.0699654213654983,0.8542261882667355,-1.4526190679734936,0.6649099662043687,0.5676768668859473,1.1412381131621587,0.5121875892025913,0.3843818775722968,0.2647330369624606,-0.3105295393924241,-0.0716101876857865,0.3762640822808796,0.0511750686853114,15,0,0
1.0825347655225088,0.8542261882667355,0.7740529578991624,0.6649099662043687,0.1546296746984579,0.5252438068916917,0.5121875892025913,0.2449766698227146,0.8171732375543318,1.0411207414517802,-0.6685114627293838,-0.060269583853207,1.327615085434542,7,2,0
1.0825347655225088,0.8542261882667355,0.7740529578991624,-1.503963018795596,0.2578914727453295,1.059105538992763,0.7319471942393735,1.2208131240697897,0.0030508366821006,1.1186038785702384,-0.2809132321815933,-0.3133779966577679,0.5702534085452465,9,1,0
1.5130348029001102,-1.307972200510036,-0.3392830550371656,0.6649099662043687,-0.5682029116296479,-0.0086179252093797,1.2447196059918653,-0.591454576674778,-0.1277902634580791,0.0037076278102093,-0.259595329501465,-0.2888829701264909,-0.1027117113015138,10,1,0
-1.0699654213654983,-1.307972200510036,0.7740529578991624,0.6649099662043687,0.1202090753494996,-0.0496842122940775,0.5854407908815187,-0.1732389534260316,0.802635337538756,-0.4913235260021587,0.6047487246201075,-0.3278028456150757,0.359420980501198,5,0,0
1.0825347655225088,0.8542261882667355,0.7740529578991624,0.6649099662043687,-0.0346836217208084,-0.2139493606328687,0.2191747824868817,0.663192293071461,-0.2440934635826836,-0.3191387768500306,-1.3506843484934952,-0.8425495859479706,-0.3509235207070984,9,1,0
1.0825347655225088,-1.307972200510036,0.7740529578991624,0.6649099662043687,-0.4993617129317329,1.3465695485856477,1.171466404312938,1.68549714990173,-0.0987144634269281,0.8689359922996522,-0.5677359227869585,-0.4849510221161535,0.3467764850321192,9,1,0
-0.639465383987897,-1.307972200510036,0.7740529578991624,0.6649099662043687,1.4454021502843613,-1.9387334181901763,-1.4656488561284482,-0.9167333947571364,0.7299458374608783,-1.7999276195583316,-0.4107586394151032,-0.9423883421363096,-0.4963533859800504,5,0,0
-0.639465383987897,-0.2268730061216503,0.7740529578991624,0.6649099662043687,-0.7403059083744359,-1.9387334181901763,-1.7586616628441578,-1.613759433505047,0.9189385376633604,-1.6363521078638097,-1.112311436706604,0.2316703645333303,-0.2847760954155534,3,0,0
1.5130348029001102,-1.307972200510036,0.7740529578991624,0.6649099662043687,1.6347154467036276,0.648442668145785,1.5377324127075749,0.3379134749891028,-1.799648765249268,-0.8443022617640212,-0.1491298337953446,-0.4203456606657102,-1.6944193316752498,5,1,0
1.5130348029001102,0.8542261882667355,0.7740529578991624,0.6649099662043687,-0.0002630223718502,1.059105538992763,0.8052003959183008,-0.0803021482596435,-0.7383820641122527,0.1715877582335343,-1.2169629589545077,0.5234016726137137,-0.5412631457495362,11,1,0
0.2215346907673059,-1.307972200510036,-1.4526190679734936,-1.503963018795596,-0.0346836217208084,1.5108346969244388,0.0726683791290269,2.2895863834832526,-0.6220788639876482,1.4371456645016754,0.2907941578763975,-0.3312734077605543,0.0839671869635976,6,1,0
1.0825347655225088,-1.307972200510036,0.7740529578991624,0.6649099662043687,0.5676768668859473,0.7716415293998784,0.3656811858447365,0.8025975008210432,0.0321266367132516,-0.5429789507477972,-0.2247114887521639,-0.1576415295254493,-0.2494950462762566,9,1,0
0.6520347281449074,0.8542261882667355,-1.4526190679734936,-1.503963018795596,-0.0518939213952868,0.032448361875318,0.4389343875236639,-1.0561386025067183,0.3228846370247626,0.3351632699280552,2.294677009808474,0.6036795077450531,0.4536551730272192,0,2,0
0.6520347281449074,0.8542261882667355,-1.4526190679734936,0.6649099662043687,-1.2394045989343183,-0.7478110927339402,0.2191747824868817,0.1520398646563266,0.8898627376322096,0.0037076278102093,2.097001912229101,-1.0411042804545358,0.7398004688400396,0,2,0
1.0825347655225088,-1.307972200510036,0.7740529578991624,-1.503963018795596,0.3611532707922026,0.7305752423151807,-0.2935976292656099,0.8490659034042372,0.2065814369001581,-0.8012560744759892,-0.6161857016054323,0.0546412201363896,-0.257343353808788,5,1,0
-0.639465383987897,-0.2268730061216503,0.7740529578991624,-1.503963018795596,-0.5682029116296479,-1.3638053990044072,-1.3923956544495208,-0.7308597844243602,0.8898627376322096,-2.1098601680321614,-1.1782031358997282,-0.308342907870783,-0.6026870526187242,3,0,0
0.6520347281449074,0.8542261882667355,0.7740529578991624,0.6649099662043687,0.4816253685135525,-1.1584739635809185,-0.5133572343023921,-0.9632017973403304,0.1775056368690071,0.0037076278102093,2.069870036090755,-0.3539136481580499,0.1500419427409521,13,2,0
-0.639465383987897,-0.2268730061216503,-1.4526190679734936,0.6649099662043687,0.4127841698156391,-1.0763413894115226,-0.8796232426970291,-1.5208226283386588,-0.4330861637851659,-1.9548938937952467,-0.7944808876574158,0.7600704482835914,-1.2234118754520713,0,0,0
0.6520347281449074,0.8542261882667355,-1.4526190679734936,-1.503963018795596,-1.5319796934004564,-0.2960819348022643,0.2924279841658092,-1.0561386025067183,0.4682636371805182,0.6967512431475242,2.294677009808474,0.3134905573218323,0.7885526291723274,0,2,0
-1.5004654587431,0.8542261882667355,-1.4526190679734936,0.6649099662043687,0.1202090753494996,-0.1318167864634731,0.2191747824868817,-0.1267705508428376,0.3664983370714894,-1.4813858336268946,-0.9785900471676164,-0.2746972211166329,-0.5239678013722909,17,0,0
0.2215346907673059,-0.2268730061216503,0.7740529578991624,-1.503963018795596,-1.0673016021895303,1.8804312806867192,1.39122600934972,2.2895863834832526,-0.9419126643303104,0.1113230960302893,0.5446709988852002,-0.477032768202735,-0.7369803148420421,4,1,0
0.6520347281449074,0.8542261882667355,0.7740529578991624,0.6649099662043687,-0.3444690158614247,-0.8710099539880336,-0.4401040326234647,-0.4055809663420018,1.5440682383331097,2.134493898567793,2.294677009808474,-0.5274787285565102,2.837178903705636,13,2,0
-1.0699654213654983,-1.307972200510036,0.7740529578991624,0.6649099662043687,0.6193077659093823,-0.7888773798186379,-0.9528764443759564,0.1055714620731325,0.9916280377412384,-0.1039078404098706,0.4923452377612486,-0.5783495440728398,0.7541072794462168,5,0,0
1.0825347655225088,0.8542261882667355,0.7740529578991624,0.6649099662043687,-0.5854132113041262,-0.3371482218869621,-0.5133572343023921,0.0126346569067444,-0.5057756638630437,0.1199323334878952,-0.6413795865910387,-0.2363411382169015,-0.3653665866523824,9,1,0
1.5130348029001102,0.8542261882667355,-1.4526190679734936,0.6649099662043687,1.7035566454015425,1.469768409839741,0.5121875892025913,0.3379134749891028,0.1338919368222803,-0.7237729373575317,-0.8080468257265885,0.6973016434933509,-0.2683164504514947,14,1,0
1.0825347655225088,0.8542261882667355,0.7740529578991624,0.6649099662043687,0.5332562675369891,-0.0086179252093797,1.2447196059918653,0.2449766698227146,0.1775056368690071,-0.3191387768500306,-0.8196747726430224,-0.7939362380946374,-0.0216397845331758,7,1,0
1.5130348029001102,0.8542261882667355,-1.4526190679734936,0.6649099662043687,-0.0863145207442435,0.4020449456375982,0.1459215808079543,0.8490659034042372,-1.9741035654361745,-0.6462898002390737,-0.0250984000200518,-0.4047232294547195,-1.773919780199227,14,1,0
1.5130348029001102,0.8542261882667355,0.7740529578991624,0.6649099662043687,0.3267326714432443,1.67509984526323,-0.5133572343023921,0.616723890488267,-1.7705729652181166,-0.9476131112552976,-0.7188992327005967,1.2145263794989292,-1.6996515366969378,5,1,0
0.6520347281449074,0.8542261882667355,-1.4526190679734936,0.6649099662043687,-0.7747265077233926,0.4020449456375982,-1.0993828477338112,-0.8702649921739423,0.860786937601058,0.4556925943345453,2.178397540644137,2.1870608897226544,1.000911117014368,1,2,0
0.6520347281449074,0.8542261882667355,0.7740529578991624,0.6649099662043687,-0.0346836217208084,-0.0907504993787753,-0.0738380242288277,-0.7773281870075541,0.3519604370559137,0.0037076278102093,0.9497111498076412,0.5087558264036058,0.2944726021937895,13,2,0
1.0825347655225088,0.8542261882667355,0.7740529578991624,0.6649099662043687,-0.8263574067468291,0.032448361875318,0.3656811858447365,1.0814079163202073,0.6136426373362737,0.3609909823008754,-0.1064940284350876,-0.9003574583582558,0.7237314225147525,9,1,0
1.5130348029001102,-1.307972200510036,0.7740529578991624,0.6649099662043687,0.2062605737218944,-0.5014133702257534,-0.3668508309445373,0.616723890488267,-1.218132764626246,-0.0092062283762007,-0.7227752150060747,-0.8655739947573465,-1.0096544994618717,5,1,0
1.0825347655225088,0.8542261882667355,0.7740529578991624,0.6649099662043687,0.602097466234904,1.264436974416252,1.5377324127075749,0.0126346569067444,-0.4476240638007417,1.1874777782310892,-0.751845082297159,0.2766714705670063,0.1545837873778335,7,1,0
1.0825347655225088,-1.307972200510036,0.7740529578991624,0.6649099662043687,0.670938664932819,1.1412381131621587,-0.1470912259077552,-0.1732389534260316,0.3374225370403384,-0.4654958136293397,-0.949520179876532,1.2671413588131646,0.0220345934950783,17,1,0
0.6520347281449074,0.8542261882667355,-1.4526190679734936,0.6649099662043687,-1.6008208920983713,0.2788460843835048,-0.8796232426970291,-0.4055809663420018,1.2533102380215984,1.1960870156886951,0.984594990556942,1.1149478876129268,1.860972984832832,1,2,0
